EEID Hash,num_application
da87ae7a35147816e664f537759ebeb62a3819e073aa74ab4e1e9f78d6bb7245,1
a5549b936f41592323dfdddcc8eb5a47232362417b75c6f547b48d6ffb384ae5,1
1ed9f8e9ee47c09e7c33eb97a60ccdad188d8bb87845810b776f0cb2318ed97c,1
1b38f34722f89f99efadfd5ffa82520ba31e03da4c28d1e2b16b5b0106d7b329,1
e1895f1e513f5b631434b1294286a29c68b561848362435d8b839da57040881b,1
354b8a6c2dd5aaceeda490020c96af7be43f48ae5d47b0f4f74e2d631d64b24d,1
afa428f4eba0d3399e32064806ba13674769e08b0007be185320bb1f2a87779d,1
8641e3e61e127c6677d493874dfd93965288597ab070db2457360a4a80bcc2db,1
aa22512540ad939a570e19624ad17707984ad646957b5c2a64e9c360fd5b98d2,1
1d1374df47ae25029e578b4e528f023dd3059d60fa743e0190351b912c19bbc7,1
4f3f5ea044ae159835b7f176544b73ab1393571c2d9cfbc725a9ccad8c8ab614,1
140cc9d7e23be8704743101235df9e222d2e4f68c4cdb490856ddc9ccae48c3f,1
22a48db2200c8f22190871d6c5d554f3577eb2f42d24cd9e4e1da5d8eb7f3bd0,1
f307522a77fc3368bda8bbc7525e3628ca3db2a442e5b9d48eeeaff7c83cdfed,1
40371f1c8ae22ca12b54d3a681f4176e62c29a63ca9530d6b54979976232d4d3,1
798bcd648c331e014b466fb98f78e7806cb34bdbaca486c5d4a9d704b1d3efc4,1
dd441927171326f40b752a8a20f64f9602a3a61f0af1bb85741860f3da138456,2
a97d919e15d3db4fe5e2fa66cd62e8a4b054047d91f52f5cfcc0c3c65eda0a60,2
630b59ec6bc8645fb1917b28ac9dc63f924f2b685176cc606862268b5a9e6780,2
f3bd96c4e580fe10d44943f936d4f31951599f7eb59c71291569220fd57cdeec,1
90dea0caa7187e7dc11bdb2c4544b0cf95102b26c22caaadfa5fec5e903bc171,1
6eaf42848d6973fc8e82dc4ec81874bba3184e8250100d02d57400f78cfd667d,2
691a48a34f572ce5bb0cdc4f1cc7d8fed2e71dfec3a943f749778f71c265db86,1
53b90255a8b5fef44f91b9874597e6814d2f7394a2282ec31fbc12990cf17ed8,1
f32ffd99894b8cba492702cb7c4379e6f13eeb3b958016483aeba23e528945b6,1
5e017f32ef1fac5a341e6e2ac3394fda4133ad167b706b41298546e3e97b9cea,2
5e1c4cb8172f8cfd70e7f853620b0c2090ad0bc8dba6e4ecdf1286086a80375e,1
9a9c92ba550bb0e5765e27f6a39f15cf9d3f91508ec3e392c97e4d3e8281a162,1
c88bcd46213062dc475d66ba5d6faea6e2c910c5bf161e2dbd3c18f3c0c04d1c,1
ea3bd1d0f33a460f11ebd4b399d54aefb009f9916d691a2dfb11d0c295c19f24,1
03a73361b45516f194aea800b34a6171682dfee5d489d86939bced5b2ba32514,1
d3df3c3f094b8643b7544d10fefdac506b021e006e60ca38ebfd4b83e3387279,3
792c69501a62f82b4da2bc4af1e29fee6cbf3b887ae87b1cba779a9bdc5058a7,2
2086829560bb249a0362307167bd0481ee92510226c30c751f72c0e2a1c59bf8,1
0d2cf850e13ca33c21ce459af53a483aff54a1b854915ba8691624de950a33ba,2
638bc83ba0a5b1aed8b548ed386e2f0e733a3d05ff2444b1f0f6eef2e14a3621,2
2baa7a1e3420b5cfc00533363ca04bc30fbb7062aada7545c2d1efea38657ab6,1
d170f071eea8e499de9af5787c1f94918073d36e031133641cc41ebb5bc13e07,2
842b1bb22dbac808f72219e4ef265091e2439f300ed11d75f8918b3d211ceed6,1
7c53ea8d4c4016c3672d430472f9e37342629c06bec0682830600f03cf62acfb,1
4423f7113089f5d4851d6a590584a0a3778ac66382bbe2a58d13770043b504af,2
d06244a6581dcc87aa35470585ba011215e664224b2b37a52f2b131da56e0611,1
73be39fc73cded280e13d86a6401bfeb8cb89fbdc0ae3d1a096c54140e033837,2
fc5b4324c308f36b335cb7ce68a76ef424524d3adb929da5730759c89efd1949,1
2da714faeba73b97fb658317ca2b409ad6c34b5cb2fce2c6ca657967cc2863f5,1
c725d5fb68805a36105d2672e713f954d5b63b3a33a910d62ac0553d4e555eb1,2
a00d47ba3c9095bd20c3288fcc3c7f1385608058406dfc526cce273722d4831b,1
7e19797919dc071b3b031c78600926ff854f0a39bc8df20e33f7f2192a1e402f,2
98883e86eb434ae2e9f9c6a9dbfbb99659cdd718f911b4b28ac0647b534a9729,2
3adef153ac4fccbc24f4198c0f78a2a6fc1241b5e7f2527735c5b2ce105df948,1
95670d7067d897b03a0a7db011b44f19f59f91f9f03543987c535e7862cd913d,1
42b3853fc3d090db809a2b81ff89926cfe10e715d96667b6823702e4e2f66b16,2
6f1ce3891a9ebf66e3f3c0215814ad564f5b2ccbdbf966065e63c2582be7ff0a,1
6797daec85bd2ab2d9e30dc75a9a03667e62510b8cf4016751761e4a5adb0895,1
001a45dd8c745c17432b6e8bb3f7eae08cb216df1d4f64998106f17f7367f91a,1
c025b75491761a234bf4ed0b3311d7c1ac54b661e278289e926a785d61ea2a78,1
06715988f6be7034e6e94340a07a20c919c89267b489be1e55a05c5bea19e27b,1
91a79316a96edecfeb40bc0d40f57e13b0f55dd638f778d344a77049f5bc5a81,1
cf6608ce48398ccd1dd995bf54402dd805619abaf8d2c0b6347d33e0ea5094f9,1
d06ff55982e10c0934dc836bd3206048a02b12990eec56a927b06ef4ea87f5f2,1
c2da8f1123767a16ce38f3ef27625a67c1375644fa1412e9e06910bc83fe0935,1
fbccae089d2bb2ffa716842eb4bf06471fe866b9d1d126f71f9eca33f848b22e,2
635af1d9bb20895868930d671b2f29897c8b692f7e5ffc0cc6e1b9f4ae1d831a,1
db90bc51b89e0aa96b7b5ae5f288e3ddf96bd36063fa794705e75867e4c9c76f,1
2490c5943d3f9339a0bc333f2d33065a65245a5ab8ee964a02e10f277009806a,1
b00b12e1d0662ae5967a0ffd3e803145822573f77a9f32b09731148bda6f7f95,1
6911c59790d155ec49c8271e9a5e8bb50f67abbaeda8df9bbeb56d5c938d2eca,1
1374023d665496382a338d23d8c5cc4aa206964e9f2e8de5cc2727c4fd455ced,1
7324169a50b69910d507024fd7b9ed62a409b13051c9f9ccd7335d3fa41943a5,1
63ba2f4ed6f04946937e168af9c11f6afb02457dcc1018288793003770492741,1
27ecaa83662220a17837d17f1c0787e0fc52b2a79c6c98912178fb53b98bc70b,1
549bbef23a6ab72ee066327a8aa9a9c594d82155498cda543b115cb9a45ed1f5,1
94f32d534027fde80bc7b8e94f7b4f618945b894cec05603ebb177a8ae8f6593,1
f10590c66e1d10cb508c564da5e8164313aa3965c90e10824cb601b381ce36d0,1
bb2fb8a14250a2f3961b02a66b824d8155a6cec0321d84860c928874f129c44d,1
843c26bfc0bf9ba094e650ec6ea322f529e812740d1552b70db8ec5644ac2ed6,1
c9e1b8e6fcd7eddc3408e44d827ece5f1722006e34514bee871d86548715b852,1
4b4ac7aa1aa74fea3b0368d52b011faffc7171c6759eb3efa5a214edb8b71141,3
d4159de3eefc4121dd6a97b3ba6af6bc317bdab9663e3946b1c64bb886e632b2,1
c2a3ac1929c82f5e0512106b603d98d1d52095be978ea77fe8083f355089e714,1
076a491e48bcb9fd6bc9348a89e56591523808a97d5d4ccb6ff4219d199b8482,1
5007ced914bafd70964021784f362aec2d86273fa595c2148c069d496ae64157,1
df5235397c1aa56fe3f47cff6090b86d073cc7e71bf7f0c043e7e322d33523a8,1
4fd8f4387de5f9f8d123e00b24e1e30e7a4cf2e1b476cc52ff0b61a905e835d1,1
e8de3dc0c219a7154cc4eba151d629d324bb659f7440378dc7e635948e335f8c,1
da9e90f52add37e808206a0adbe0b548d77d22cf42832f60d1ab2df9e7cdb768,1
b911c749090e0867f150677f6ae59e3e9b16dcb9506f952ae6cb0b22093130d1,1
57526dde562d72e337f0c078d83527bbf3f0d012264dc82f530fe64f28098530,1
8df777d27c736e8cb5cfb8bc6952d99e0cab18981164cdb925a08a38ac04702b,1
e863ec3f4157a247ca98eb6293c0060f4231c957dd7caf26f0200ffbb7cd0c09,1
d90651b34dcda54bb347d3b7c76ee00b4e7bc90e3c746ae2f68a3c7cf5088554,1
8811ceaf213591fc82cbb450f38349ced7bc2ed36ed52a72ba94eb426a90f746,1
c1c2bf9f3e75ed780de224e5778f1658a435f93f7426dd9a5edfb4ec6d7ee6fe,1
cff62b33f4b28c61eed0837fa8d77a8e9533e74aba3f07eeeb4f1f308708fba5,1
5bf1be463edd43b392c098ed5e6f4169915d2fedbd2078548bbff987acd96d41,2
858d19759b6a586ce4d9efcc4048368026d0eac1e96b34c673248d3c810be4bc,1
1b83cb8ce9ca472b1690204b4f14695122776c7be690fa9fc3d20614761c1ab8,1
94bf087c4835b37129213f457f72c0a42132b78444c20177a4e371da7afa68d9,1
d081ca187ddb5d81255bbcb0992daee6a16bf16751160392176e71217de0aa3f,1
9b5a306e7abd619608bfa1e4561a1754ca4981fcea10b754794b4eed88b6cde7,1
c850a8aa1301d989a0c9a9e12e1fe1ea233cc5bc2e6e1327dfafda40bbb114d8,1
cdf62e813036164c72ce63c07cecce20dceb354ebceda08bada7ff27df9d230a,1
51d9d4be960e0f47c20ef091ab039708277e62faa5ea7d85de32522f76f3a62b,1
ca8819d0c4ca477d58932d9d3c49d38f0ce947c954406c0a90a350aa0bd0b1e3,1
b2e4f72d8cf482ab9779cc699111055142149cf72464ab143d9c7e0c7a241661,1
55cb80d757d87ccbf521cc21937114726cfa5970a90df9421a3e5efa87874bdd,1
54f75beb05a0432b73891b9be8e3d4790914ce72446bd0261e33ff5b159853bd,1
3d177b38cc864b2a51dce5b50757c945d47888fb52935be86568681ea1844aba,1
a832ccb144a552dd8810661dca85db89e5b3429202b9b88a6976561d68b7cc92,1
427e1138dd2e30fb611c6c220dea9e26f21eeedba2a8655e552d71b9aa7485a0,1
840742584e6ed6ba6e8b5202d0a0bb9c169711e704c938e1a5a0085cc32fa9df,1
0942dd48e3f622b22f96b66fd26ba8f28a9c152fc3e4b67ca11d794b9364981d,1
2c9f5669f687e9ccbb6352f902080ee6c3f72574508f70097f41590ffa9faa32,2
f1bb9d217a0006091956f4e029f82c6213913ae6d293ab19fb2245983db78975,1
f143413d4a127482f725ff9155f8792de30f1f99582789ec6947d0e7cdb275ff,3
a4f25b802486e20a2daf8d4831b50c6bf6b03bf8db98e67f9e95d8b0632d6ae6,1
6545729d4d402b8cc95457107b9c6fd6091087f798aead29e2dc5f1cfdf153c5,1
be9456e655763c76725cfb951344196c7c699d83e862d8ba8eb09ed9950ca774,2
d820a364db921b2daa71e9b0cc6776f512077eac637b0a3d2ca180f1c189b8d0,1
effbcb037430e5b26f0d58997f27eafa7ce1f63cb86542e5dee3f893015d42fd,1
77c7e21d175552d1abd2f062b42ac99d449e4eebe99763240c62b7c9fb7c5086,1
d0196b8af5f17fbfc7ae9a4075a80d14ebcab10077b7bfe64934368c92a52790,1
6d9884cddbbf99d74a5ab3bbb23d6453eac0755c87aa299179f1dc55a6d2a47c,1
2f798d59d76ccb53908be8d17f4806a348ca87c5b0ecf6858e5fea6002da2db2,1
ba2e1c0230d55a84ba94afee9022658c696a092529d8380123591d66674af655,1
ff182fd01b847d7ea7b54a6066ce1635a6ddff03061a95553e8ead434b34262d,1
45f251ef2dea9230b3d4c9d5407327f73dc47a230b36aae0437f9de86de4472d,1
2d5050877ab3f77474dfb36a41d0dd2759089d60e92ce6109cea520642aaeab6,1
167165961c66a79b6de2e16ad2f8ec26e3875019aad11b63461486aaf8ba4e1c,1
3eae7dd1bbc286eb06067d44913b4451f0097b15431d90c7fbb59c951051656d,2
2171af4f4668130a95ae7ac807eeca6a5a21ff37df559e9bd3dd3cd10d0fd530,1
ec4142744c294fae4cbbede90587e21ade8bdaf4e2acbb433b9ca6344e9e8938,1
f63828eece9ea13bea91e978fef0a71593e6c6acc73af8c76578768afd59cc89,2
6561ed04debf0841a7584419e2ab51b90aa26cf1ca2337da3897ea733641bd54,2
30c8405fc2f66d6e2a7f8bc10d5a45a353ce852c5be1190cf2f5d5646a976d70,1
01da1e50331af4d0ee67691c6a9c0b58964281f1cd53d25d8113e13a3aeedffd,1
d41cc148210ebec897dc6923ebffdc53d4fb1d92b11bdc763117cb42fd71d57d,1
4531625635c9e337e2e5de24ba79bd76e96e6a7cda86dc42306f743243db914c,1
9b6e246453957708b10b31937f494a791f1481dbfc9ec317ef3ee78187ed12c0,1
4d4ff44992c868dc03addad767c338e14a05cbadd55389ddb48ebe8bef36ce05,1
25d3da8652a51b0e82f3cd476cd761e3805a6a133c25c9b5e901bfc74962c9d4,1
0ac0677e9fc8af6ebeed2e9113b5f267131cde117ff149a6c5903014cef45da9,2
2b985221ca213f7bbd8391deb0127b4670a2897c82e170e6d3f25df982d2d36c,1
8f248ec9e66f2fcbcff2c15f27549fd539cf72fe92fe17a8b4bd59a55ca0d464,1
49b8d80ad1984bfd9d6ea022b6c26a45c11375b0f6f84f1c38393438e5bd8a9f,1
23972a7c9b102885f94b17d6e9a3ffefeb3e8b9bd0172946784fa39799bccbaa,3
c49caeafe537d27c3410e4e60abda56fc7fb4bc58557f087479acffb31702bbe,1
e754c9db47bb6865021d34b8b3717ab25c1cd043babea287ebe46b8bc86221e0,1
7ba10decf067634eb4661fef91e45a1381665f0b11e3ce5bc174a2b92ac6ed13,1
0c62b6570e3e251c41cbbc298f5e66c96dcaff53f177e3170d709cd526dd7e3b,1
c6c83cecf928b004f71d7abedfe9f5d456b37e09e41a3c04ee9a7b14c0ac36df,1
843c19b46690c01388832977d36156923d6f0184ee33bb716f3e01506226b962,2
6a371b26167501edd57ff5768adceab8d966b318e5fd76d3d5217f2855bc2f53,1
67e424ccb345809de641ef70317567af6835c995a7a1788d90859b29f5687e90,1
3dab0f3dd6c25f7d569da815e8251aa5ba362bf56ea1bf65311446cbe1fb986c,1
890bc82764079afcdcf4f1f65c375ffe30edbb845aab641dc4315b4e3cbe0713,1
55145904a4e15cc0871a5014d6bd8756523d5d485701c3c210f34923054058a8,1
d677afabd5947f67bb05651b6ecdc39cd8dd0691dd3a92f41e903ca97564bab5,1
f023eee3a0eda50c365ee6ba904cec5c99978347e935a3743555ce19f73503cd,1
bb6d7446d1eec93ec3088f41fe161efd5732f788c548d5ffbad79970f84138b6,1
f1a7310eeea3fd27e75a1c9045d41e6970d0e978c71a6374e6f57cca9a66211a,2
b3948b02e3e7cad6d382cd8a3e6a54d903c774f29059849e4777c690285a1196,2
d651578d652ff14143ced57f96c6fa44239fc5cc02a66f092fedf551c854c3b7,1
aa46e8c2341f11256e2412268b8b0129e7c96cac56503f8d8efd595620c6c285,1
6a30842cbcbce580e2a50dd5f8261beaf9367370383f76830605d09429b657bb,1
236c8fc726e65a16b0b6fa155160b5778a4de909cc0e5b4fbc7a00676fb61e42,1
6ec1908cf535c278dffdedf32815a6e638b4cda634d96e5269af958074988bc1,1
c1b18ef2b5ed939abdc80d315379c4fcaf9c9a4e02bde1121af81f8cacd1e3de,1
6bd5acd687ddc2e434a9603dbdc76eb59e18af493b6c01e7aead7da0e79f60aa,1
a946048317bb4bf249e1303ae89dd6c10a94f841f23ebbab8f101d8b2c4886ac,1
9ebeca480bb4e5a04036666791a1b3c6320064990462d90791297acf2cbd9212,1
e00b9f9454dad487823927f708785e5142b13a32b700a4c220debbdf216baae9,1
b00cd4dfba7dab71039d4eeea719f20b1ddc3df3dc73881d5c1ced59d8c21834,1
50c93b0701c2462131672fa2771e5cd5eb23a3ff636f74de778427644fd12e61,1
acccc6ca71c45e6f798576eb3fb3e75cd7d8f7514b5d76629d4d7683fd099d42,1
de50c268f691dc543e292f8d85559664770d4e105137ebdf54e1034eed44dca3,1
94997b2de1cd3e8d205b9bca4660b42fea7f1344ea515b682249f8e48c1423ad,1
397b0389bcc775d4d42a3a8f5347a1c58241f84d758313778eb5dc88276d2644,1
7ecb1aabb687bd1e53b5759453b4ec5260b866fa2f636447fd9b48ad7062fc4c,1
2f79457273d039784314a1348f9487f643daa6f900431486fc6042d3699743e3,1
dea4d8662b60b71a25d2440ff431f14bed909737c368e8adb003cc2ee134cee2,1
339c526d199fe1015ce876c2aa9c67cb1d32430dbb175e7726726cec5e555d52,1
4490510c557cbaa6b6da9bb9fcaf8e40c8156149cca7027c9e11b75374159dfb,1
eb31aa5d8bed801c383252eeae18fb4ef560334587b205b2bf6c4c539324ce80,1
6e7ed586b23c7a168030093b1625b27780c5ff0c61e984207c6976a4ca10782c,2
b815176595ade2e973b58c199f13e52f2276ef19ea74ec5c50483dcc79833a9e,1
80b4774cd3b562b71db5aaa495741a1569e91b6daa7172269738c6cd96a36a7b,1
f4afdb3aa5b816736a8a66a31d5bbf41e91a2cd816dec730cb786a32bdb935e3,2
8601014e5b0ce9029bf3aaadb5905b4e1aadef90862a495b5253501b214938d0,1
4dd9083d2ff9b2e67e95f8f0e915f7772a60bf02407991b3ce52241491b251f0,1
f147c3fbe341b74a6ac36e7f3080ee6398b50cfea5ce3195b90c12ea8fad2799,2
e655432f6470f2a3f8d48f421c5549b45a021cc29a4681a3a9b84a58b2695d2a,2
77d84f48495af34afeb6700ff0f7f40a9041bc6cb36ec0b81a87090d0efa0a95,1
b00147195261b372149fcc79ed20d546e06a71a913efe5722a9e387037d60a06,1
9c70fbffa384f61b84cb855ebdde26f3f1a49fc5e6bdedd07939095bb054b76b,1
13c8188925401711664e2e33ed8724042adc0de902729f35c7f88a4865d13d61,2
e4366e62aacb6e69f473ae7f6b6c015e580c18780be8f7ed6742f6becea0f9a1,2
93fe1bbd391765d506fbb7fc39ef74b3c27cc2ec210174ba99d8953f967c8961,1
2581c2d0999652b746e5f36c7699053261c8a1e0c755ae0ce0bac1db73b5dba0,1
145240a63c426652a329ea3a92e4c103004884dade9d8ac2e10b0f317500f622,2
f38fc91c98875a8748ff6d61ec72c130b334dd6840ce4757cdb6baca82c5f5db,2
fcc08e3c38e9501fd44de401429b0fbf2794fabe50c225fbee2ad1bc774c9516,1
f7e9af0adcc7c418d40ef9e0236e492a74e23ea4a306653e095663c4e7b48873,1
4a23f8a32f6960d50b59843369e2924cd0ea4da42e1d407d0b00c7fc21270a74,1
bfbd0caab840b2581e644c2d907b1cae4d8602e91739741eb0db08981ceca5f8,2
4b7ebbcae585d97ece9854b0b64465e0ca5ea4dea12e9c624ee6840a5f328ee2,1
9eb215e35d293767a40dabbb8c42ab3b1d3165095e8c6cdd4bef11d9aed4ef00,1
96851b2378d1675c9b68cc20b4ab5342d92f0440555a2cd87efb1ec6e257bbb1,1
b6533236168bbfaf5c454c8fed70b8897d6f7b65409a3b7d00f42c0b7daa2428,2
9c2da53672b051745a8d97dcc954ff156cae54233284e7308d67f2effa64e9de,1
ec1efa0f75d8362400a294a95850b55042236162744d039872642e92fe10943d,1
aadf65056fd01050a461a502fa8a86c955d2d5d0fbe642a43321a4fb587bc77f,1
4c34d6246db3cd784e241c9557e98b1785b94a9fa8800eabf4e8c55cf27a86c3,1
a456cbf616c1b35d63db8fcbd9004be6b94eb59e51543b2878b092a09193b852,1
d8e04f1051836eb4cc93bf531cb86026f70f719d338364f61def5509851b9875,1
f2820a0dea6f50b838629391c03cfd566f92916e158d06e0e8a0dbed168a7ff6,1
867d51345842cf94956a7e9810fc371d94282365466d84731bc4183b934407c9,1
b8eca994adc31628dd2aa2b475d1370eff081a632594bb3d07dac70fb903df69,1
b46b7c542e595e76a140677ec53e4fa8b1d62a4de3479e81661c280a091448a9,2
b9917ebd19ae7290e02c603c57d43c09d1f08e0c67e344979f8162cd3d7fd6e7,1
2b0ecf71fef36a70694eaa1744204f2bf6c3f293a84341ad8a548e1c0212da58,1
74df915ed27755dcc6093d180b4eacf657b5663742b0092d9cb22edc2358ce61,1
1f28397a8822c72eaa74457c865f5a89f7b1f47a2697664e2861a5faeb6e42f9,1
9d1ad23f9489b24fe800750a26356b3f32919962d84532a936dc967bf5ad352c,1
4aaad1191c64c07e29c69f26482a64f34edc73e6ecd244568277877fc374f5dd,1
5e4777eba7a9edc85dce28cd139c8b80485fee1d76257f1c5e995d06c6e73b91,1
7691187d6993410461b7592fe7eaba2e552eb226136ee2449e328f5aa694b4e6,1
24eb4f2e94e88d6e3b0a87db8a30b5a11ac371107f8611ae6b656a2de88ac199,1
f36c47eb4ca24dd53ee9dd0101ef66a47a85cad6440d2e2f6cd574457087a679,1
bccf0c01229d194933605abc7af435de668ce026c71caf79c651eba7ee0d25e9,1
f7c9a2b0a783ae4d421e0c5ab4be0a19b0ce0431d07b1d1bad37e49baf49f85e,1
7a3033325a3c87c7bfea824041fbdeeeb6a7d857f80d64cfcf3857334a609db9,1
c0bcd99eba2bcd922db942cbed3caa64a85a795e609650598bdc8d490de45b48,1
13d74fe27101a67ee25856247b4c6f6dd5b20165b88bede8d9453deb76898849,2
5f1879812d79abbcaa437f4e49c47b5d5bdde238b6964d379ccd3316faf9fd65,1
77619de44d2cfa8ec6a8d1e46457bf16cf306db44c273bcbda6d077cb4ebc000,1
7966a197a3ea5811684ed83f26e32a13c211de4ce7e81ef4ae9980ecfc5e67d2,1
8ef12a447c483ca50c5635c04dbdb54816db19f7d0d7170b093f638a5b5340ed,1
171a90a07e8889c59c58d85cea7d4754fb982e2d4c9052c96cca4cabb24e5f68,1
d3f429c32acedb6998e3ad470b57a581517d4c54b9649bf2af23acfd1d27ee13,1
9754a964c0bd07402c01db0a72530ca96deaa4d778a65cc49d7d4a29d3c8ffae,1
e3596d4e58b266bb70442d3b4f03cffb7cab052fb0196e4ae19d9f9750a2065c,1
fb0c8aeea3a376e2af001bab39b42170e4f1648fc7fae160d76192c42fad3364,1
ad4067758ebb0a0ce861383812739a89356352af4769dfc8deadcfc3a6c18be9,1
85d11c12c2a476a0244a4e350ed18e0e74160cd211d499c4d2472afda85f7127,5
6017c4432c27b38f97a2868b82d42208683ebfbd2cf77f5d03268b0b4f4933bd,1
29a1c4aefd102690250cf4ecf72eb25bf5e3f221ce61353e49039371ed94a742,2
8e83f05feafbc2cb042ab2d6625b1db00c884ac61f5d09d84f0174b4c904f5e6,1
bb1925335eea47a70ed5c7cc82fbee2e4be7c9765a34376b095a6f0b83f7029c,1
c0582f8fa801f400ee6348014f95b583699d096f4d6e8ac139a876cbf3f7c570,1
c3a0be8c219925a2aeb0a89e00ba156d38329a77ce4d86bf4bb0610ec9df51ee,1
8410f863bd2a8fa02bcd84f9c90f775575b61da01acc2c96282b76c05112a453,1
c6df73c116b2b86ff8bb7116e2724c28a2ba43155f0303e13cff11167d960d55,1
77a9d0313cbfdd2e09a9d5c3840520d66d87332b454f1229cdc2e7693a7998d1,1
331940f1c8f30941fad088778c10eb02761ace6326849ac2266bc8706800d370,1
cb529ff4cb7c41167c07b7231a24575899afbd33ff31f3024fd190c06859d392,1
f90acd8f92427c403b4ee0e823200e9b61e08d8385e49c5354e1959fdec57227,2
7e6f3139582b0eceb08de993432510c8f5c82bb94a1a8c9c340ba522a8262129,1
a136ff08f7bc4f2e07424605bd99b64f6aa2d801ef259b29b7c5040d471f8fa9,1
49e2589f97919fa5a975eaf64e1a2d49511d5bcc4e6e26577278557304ae5b80,1
b7f4705687f6de8ebfea01fe38f1644586529eec7557fdb31b7b554b15e30e9a,1
a3706a6c0a62a7fa6ef2c80dcc8a984578ddb849b1132ad91ee69673e6e2240a,1
20f622f9647e00412b2ea4655f8f8fc14dccc14ad3e4476edad9accdede6e746,1
af6ed68c95add8774c17b6d92bf86ca0a744d0daaf112eb943c11f92f480dea4,1
f9a9ed7686ae83131e32d0482129119fdc8acd455a1e09a7a2b552c04806d8b7,1
430866aed48d5e077372516a6b80ccdc142a63ea3b2996dc1d84e8ca232903f6,1
abc0d7897daa24f16408ea1ef7d24d73d50e91cc773f850428194749b53140b1,1
03ad06874dea9a048fe86cff008437b9936338fe75c8d46e17112028135dadf2,1
cef405790e7c28cf4281a8fc8c00412ee509771851e26f3f15902ede6d1d655e,1
48a394740859562e94b894d64c8af785d0ad4bc95d8297b393510c2b3b9e2035,1
a344b0be5ceefe1ebe1c29a4418db3aa32477a4b997e48f28ea82c769c82b093,1
355942ef5d737ff59935bc324d945ae6b50db986e203be78fe519a374892acc4,1
a4126daae931792587089aa4409f05b6263ac7c754210e701a112e9a3f3ca4ec,1
87ac8107719936370dea51925e2c085ef10aa34a064294ee832882b18ea8bdb1,1
3193eb3684c154e245e83753c93e7d63ad92a8320d3804e58d2698f2fae1f30b,1
1ed504d79f0aafb933c6f4459b9971a7d50576028d4807e83f79fd2d19fd1def,1
2c3713117faf15845cd54ffe43c036397e1cc58f49137eec28ae46e9679644f7,1
b149fed2fa8e5a8a8bf2db7fa9cbb57427ba6f8aa720606dd02d57e14b3545e8,1
cb6b7a8c06108f426bdc178ea2359dde4b25f9fef054b1fe41ad7278aea32b6e,1
b11b45f79a1c81fe349c0b9694acba37cc9dce91f6ffc582f6b2e2e52ebdb687,1
a7b8a133fded34f2a9003d1348984d04026cbf47d85553b2a0594216762e88b2,1
42944d981642369cd876e7be0b12c3ca4cdfdab5ddb08baf206b657242642bd9,1
c98a8fb25fc7e63c902b045ea35cb621f9d477f30f70e234b90d668123c1f75b,1
1ae029ae31dc02c001edf4a31fa5cee3f313e96fe5db0afc5c01de1500bca304,1
330f2cf2bd54ffb91fa174bb8a6bbc9e26704e8fe06aeb643ee9e3708c676acb,1
a2d8589af4c93623b5b1ec3b7d8fe46d1d2f499fd1b1e59b6edbaaff80162fbb,1
ae1f9b7b994526b6fbe4c4ae970b3e94439087f1486e01474be858084b78e960,2
77f0c024df580055fa629eef3e4648f174f037979d9d4e30f261d165102139e5,1
c2c92af5f1b47a71526a8461f6cd1f8460f012fe826c37dd765ce0ad6f1d1a7b,1
f9ef40965c519e27711ae9ead378fcb5d4da5c3949bd190ce086ff2e9293d5de,1
801eade1192f5b3d2ec091ee75e06f245dcad18d674948dc524d0c84390bc320,1
688e6989486133d51070baded44bea3d0d1dc66d3c6a60caa0a0819305b5f681,1
7be81d3deb78f2216c539c4bd12d64a0b9a772dc08ce3a14c01ca016f0cf7340,1
be1d3ba3af2a39c1e976ca16f63264eca5e4b700359dd2cd86a4fd9ea8e8530d,1
a80d9d9ecc15d4c890c7ad40932327020fdfbe4c75552559bc73fb123ab52562,1
4b2887ea34cea66828f525fe908181cad9eae039e72e80d58ba71c2542269d10,2
bcd5bbdbff65b3e654aa0657bda60acbcd1e2858f8daecadf4bb516be3b5afe5,1
2dd1873d7caef88c9380524f0a58f2e26b158a4ad9af00b193749dc1d81f63f6,1
869ca12fe910463b7be87094206440708bc0e12d3b09411721ab9bc064627575,1
8d3d339a17ff2293451133fa7b05f5c2aa6e217a3455e4f9ff37478754a031cc,1
716c4bc430a99cd6eedd40957224373c74a0027797b27cdd79d1be9ea391eaf0,2
5d5726e91f63175bcb2a4031f6179f965842d2def282564683dd137d68e243b4,1
99ce1e54a652d5b2c360236b9152ac2234253591a3d36a56874d700cc34ffe0d,1
b319d2c59aac86f9c7e07c145af272c17fb2608239e695dab65587f196806ffb,1
019779ab4711f5b0f9113996ae40b2ab02ddaa523814970e3071a84c8dcb5b9c,1
8ec3d4b3207b5ddfd52b71565f5c6b7c172121522207de8b6aa079b198043934,1
77fdaaecf1f80461f35b1d0614b01f3035a5877be3b42c09407792bf665772aa,1
e273f2b0d6f0474388953d81970d9ce7e9c435328e1389e7bf3f963585a274d5,1
913da1a53bd0090ff070ed6fbd08ed8e0e31703566068d3423cf9ea031d434e7,1
e2f5328b3ac74df24c660ac9a206b6d1f2ffa3e97ff4a42fb68a0e96490b4014,1
ae390b5f2a54462a1b556bd0528286c2247ccbb1c0fc458e59328db0f8e22c6d,1
64fa70224ed15c5fea37dcde5bef32fa7e37130536b78a8042cfb73ed5dbbe6a,1
49814b77f5f37b072ee1284cc2c15459446b5d42149ff3ecee8b35ce92718d6b,2
47fb226ac3466615fde7e9aa312c42dac73cb586ce17f4e51c3b5139355a75dc,1
5f9f3d77f9048fbd3320a3730ff03bce33d2855056d6e3fe3159648f3ac2d72c,1
e61c49b9d3c8cd955624579b7b4c3c32202ea331bcfe240ca0ac786d2b192b7f,1
44abb91ec0fa153bb7eadc93bd126966c441203c589385bbb82c4c380e096dcf,1
01dade6b36471f691fdade70f00fb48885dcf0b2a22d68135d81df90fdd956ca,1
c9d6ec27d13cd1fd3eae67ba8223976020e9263cf396f396d8d41e692b88fb7b,1
d9103e87406d326f83a0e4252b80125afdc519051cd014ce49e675d8e486fe87,1
2ab4e599ab94076bc8c508f27e40d39cbd2e9776324b68d79458c3c3a41ec61f,1
5843b0d184dfbc65d74ed5f4e780d22e5744ddd624cea30159ca2c973657c2fe,1
41cc7e3e361ae66ffdbb7d50591be7b193aed981f4f10d5f6f1227c385bf0dcd,1
afd32139520846aa022546c4ae4e7caf20ef2b519f7405dcb110f2f4a837b30c,1
024da3f0407d6d77482427e72d4c17530a55fb53f7cab9c4e566aad0377729c8,2
62790db5fd9dadf2b8e1faa35e5302eadf06524c216e01a0d5a506e5bff6b34c,1
391fd4793cf17f1d895934bd13c8f043dc2a2dd2167e8af34e884ee9d3f5b148,1
8075e4c090ae1fdb3cff44db476533fd07afb2baff1d2f9fcefeb0582412c12d,1
9d26f151687cf0fe7ee0b8d8c89fd9bfa38751993201d6268c30ee87dd559523,2
5fef08d32b4f56fff6f2b1d3402aac4c85a8bfae81605d26148530b3a221c97d,1
ff7be85995c9638698923fdafa2e28e2e38c47be5558ed732da88dd6e0a1c0c3,1
8ddc089691c1ace3b95112786c3b5014e63bcaf84baebbb8c80187faef55fd3b,1
7b7999b8b975af2284e99725b60b8e01d3e234315e9b4c83feb5c9c9b21be8e3,1
1c31025e3f32d0d37e1438a12410a6bd2510646fc27b43034b859651fcafa901,2
c8f1a00f0f176424dc6f7ceb7195d08f8595467e04d36f438bbbb2a52292eeb7,2
d829dcc802c19b4ae48b2f430e7cffb31a350168c14caeb0c77b1fe8d0ae49f4,3
6f8b862d9e479c5ecd657450bb3e3354554281c5c4bcdddfa7b35ea80acde198,1
ba9694b3b753191368e7022c959ebcadac4fabefc9030a442026fbcdf896e02b,1
aa4ea9b3166636892abd6119ed81bad4b65af557e3573428a1e20d6762610513,1
bb81f3a9789a495ede0fb6dcd225465b9917fcbc1f78cb2797fa853266385f45,1
1e2c1941e1fee13b49269de93048366ad5ab531a500a528f09ea5bb87c62ad0e,1
7b078d1f1aad1753ad02081e449c12f4c1415aa64c4b5c8cfd636fc27960f1f1,2
59d6aed6e690b2a4c202868ab755b54b64bff3d5f99482419bf154f3d54158d8,1
6081146c5bdb6d57b4870cd64220eaee124a6d67ce54dccdb19d6d8be4d62971,1
868d1dc0488116743e90793469acfd9ecff28c7e280bdb8c89f253decdd48112,1
3d1657347e144eddc5c224c53c7aebd6ef94a03d1e4ab1113c7346bfe825125b,1
9e41c2bb20a4b4d83939bc3253cd8aa52de6216b335dc0d14eceb100b0522c72,1
c1acba84423c89d06ade9fff73358a7d2f5081e6518e01f9be93a202b3ff355c,1
45210edc3eb3186afdbde172c4212d8821fdfb8fd7b61fb48d335f0a4ec721c6,1
a5c0c7efeff9842720046a21d590a1622af19ab55cfcd443921cc92bd93577e6,3
6140f4f45b0ddd80e2894792759de58246d386eb4b3cfa6bad069b52bddbcf51,1
8cd172e09593e9d59d54e811c3de6531b3c17dfa34560f1a5f2c696c77197cd8,1
953289eaba403b94db96842753045ee5d24c73ac7bf4626efc96ac3b7fbf9ea2,1
055227520c3775e3b23aed473b07cd6023efd33e8f6f5988faecbfb10c26bd9a,1
f51f0abf2f20ca179d7d17f0ac1099f7d934f07ec013c6bff271f400da5726ed,1
5027b0595835803cdabed57fc101421e6a6c93bf090a628e39c33d979abdb073,1
05b1c59a9e4a7a9b9903233d9a842ff0b5a85419ce707215d1025d53627c453d,1
362a1cb661bb029a021a598509fb6ef39b6c471fe6993aa8599b0abdb7f51b94,1
42927217af9b9e801d3533f303098143924f6ce3d21fcf409054adb079016d17,1
fb387d4e73160e53bc069d33dc68f4a95cbba6bc8b47b11ac8e2a8ddb8de5373,1
0839e810a94bbc1dd2b3b44097aae9f5ea8448b341e1ef7b007089e20252378d,1
8cabddb5a282709213d5723e3acb517ae7f84f553c031f967cec0cb9918fc4dd,2
04c38b85a110409e0d556c65867aafaaa52192c94c0d1ff0dd2658e66503a4f1,1
9181c1f46a6a9ad102ecb75b70a1dd141078c49b54e8555dbba7f0efa9c578cd,1
c68270a222423aa92057b7e2d0ae18a18eaaa96feb3b93e5b2a022038026c5ff,1
c4e4ac4cf6479ac3cab3427dc2bb554a40de51b16e9925ff19ad8da827e02779,1
8982ca277a9b616127a66cde38d4f35dd4056a7cb33b9b91c16e64b82383e1f9,1
96928d35da5f87469ce1713a5f5d44fbf49c2ebcd23b300eececd6e25ec18777,1
4848be9d2c04bf535786f85753dcb861aa0a9388eee4250192820d87d12a6d47,1
6bd7b30ba2fac604705cccea89fa0b8dd5df449925e48593b74737752701f50d,2
338e0ad19cf0eaef3ace3a9a938a946350189e9f67977a2a40a919fe14acbea3,1
0efd28c5ece31f961c0291c38148a0d6d29a8041e3ad611f3914bdf4afe99875,2
bd4e1e6651f69b4429b7a1d88877f29a710388f80dc55baa5b5b46a81c686184,1
92859a811aa5829d883e61b56c91625278e0ffaa31ee7ad26c52726b2d897c51,1
cd277cdd045021858f03a5e888fd0a6f54b17fc4f0ccb21cb955efd8b168509d,1
a9e378e64d4d00e84349b8e012a6bfb67b81e966177defcdab6581d8128758bc,1
52df62b6a2b97526662494bd80f284e481b668dea1cbe9ed5473df13f046d019,1
ce5a613e6745989d7f58473fcbd1159d50596878d78b55750fd28405aa1f54b4,1
69f3d38fc3f1c3e19223cfc09dac4c13fbb2760968751710691d7ad1cc1a9d9f,1
ee8d2ecdff20fe7d4d16e1446f0f637d65ee5fd365c0790f2f0e5f6424f3438a,1
6d975a8d28f7f7419aeaac1b972fe9746a35bcaa704e6288f13d17248016990a,1
fd146805e8946cb45c637290ec4121b3a55252b39f75e3df415c083ebfe2e022,1
0a7b623870adafbbabf598b22e4d8f42fdea8d3f063e4fc1f02f86aafd517c9d,1
5b83a14275d76181be5323efeecfdc338e498e81f35b84d4f5e8b9ac4702f0ae,1
5e5ec187a7f2eea737298fd982222d4a0984aacabfcc5b21ed0ba25517d2e9a3,1
8e0670de2c8f0e5b024d977a2bd1a63cfb16843c4f1bcce7661ef5e9ceaf1356,1
e1cd98dc8ac6317fc1884080291a4382484bfef28d91bebf184e96348fa601ad,1
aecd06c00a14ad5466733d4f28870828cfe6b08d8e461bf1a515ef10e75273ed,3
b89397ad78a5f4966a1cd43eff00ba29f4e8c175e563c4273a65ce0ca74ef919,2
2b4d500987012702c7ba198a7eeb5d045d5e2d3c8cd572a0cf25e7085ccf76e4,1
36f87088f20a63e6d552082ee321d22d84546e1210190c69713cb15ac817062b,1
1f71c3b5b33f5773508def1fdf8f88e4a6440432301e8d03626f2d34ae67cc57,1
758b4b56ae84a77ba6a0809ed595fe4dc67ef3b2221e69e15625011a06f29971,1
9fca37da5482efbb4cc70a2ebb02a88a94a7cc0fb057f3cc3193abe69c9332cc,1
a78313a1fbc2ba5eb6fb22fb7457f3b4e7f709ad431fd8c0a0650fc9999a8518,2
5ffa61a74038121fcf05d20ccaf9cd8ad78d0cf342f57642849606d6be9b9e50,1
338e2ed9e63603ff09970850b45edbe955eb4dc3c025e6bb0e9e898730a94922,1
6450aaf537589171545f4e156a6f1320b5f87335a92590d8d1d6e7d8293cecf1,1
164ecc8e62719454f964109e03e6d196ec94b11058a8afeb9bfd46e7a56a8fc6,1
247d9c8a1bf73af4e16b3c7ff9a0de2c026f917cc1a8fbbc1831d8b8c53db279,1
5e25d86e2b40938f8f2144ae39013063d6055d7a9dfa8c36db997e14a3d602ce,1
1484de3d89c0cf107841212164a53e8886967614c195131e97f5080c701c8a99,1
ecb9cd42ff367c3d6482f64a63fe749d69f113f1f908054e518d8788fa686052,2
208fe59ef88e20c52194319ce8059b4c3d785af4337c43a5975bec77754b69a3,1
5f30722fe1650e1d834f01807b1f9af955862d26b8dc014f2a766f596aff542d,1
0902adf8aee480b6f6ca0d4666d8c842680b612d2403e79ec19ed85c23e81c52,1
9f9d06257d5ec3e3176cdcc895c8b145f350b4a911ab8f9f00e28e7d482c455c,1
cbaef9867eb6a3d3410daeb0d7d7683b8485d69de9651bb5733daedeab53aaf1,1
2fa72feee0badee438cc1be9c894dbe05618c528dc79f29b69a7afdd0387a2e2,1
664b4f62fde38eb558d0c27f1bc82fe511954ba903b1a5f0174c61a956b27b18,2
2d7c738e4ad4f15edfa743e0545e8ae51b589e3d0834914570831433804007e7,1
f9dc180cc2e38b3f8a7df33210339fde3e3d796b7acfa65f9efca83df3984cf4,1
abf9595bda1af7b4778fd9862adea39de157823fc6b6482e1fed5b3aab4b2f2b,1
34e15fc04870451f6e0c162bf3b45d9246d4cd11638b5760a8818e673d9aa9cc,1
e9fa3a0557341ed3cbd72f21201a8125ab708372c80d25908f24d5525123bbc4,1
ce2de829ae02a6b9dc127fb074eade427e92b1a519c6dcaec19ed927de601d77,1
080d895ac886780f214d23224cedcb57a92d93b0e88c135ae17e1fd3ff8bd1ed,1
9265eabeb325ecec25f19eaa24ec34e32a7008a8ee9aba9a2cbe33d8000ab828,1
32af6d1556f65071583080ff89fd8e145ba3572a5af0e7b1a5c8ea698e26aa74,1
eb1d25f780f73ff0c85bb79aa855113630b35d48f88999eb6758e16ee8b1eb0d,1
e8e404f7e6eafba784c6036cf8f31f0a30b69fca688e0e972bb5f653285a1bad,1
2e80ebf4aca835d6d1a789460000946362e296a68a6ea18ecc34f9bbfd1940f7,1
f1bc8ee2a63269338248201d6ebc9fdd96335b4d1484572d50cae11e12f15ffc,1
1d1f9a2b630d5cacca460676215f85bc6c5a268bee066f6c2e4b2900fa0581a9,2
37ccc7910f68a8204582954c84c575242593f1acb08976f92d1c6e434b8171ac,1
f5fa3d77a72df7af55395b82a17f93c254c5c2a8ff17b6a8f79d2d6c9ed1310b,1
91d4d3a91d38b6953a8ca99e6d69364b45d5e1e57e33592c94b0269931aff22d,1
87c4736357e255016f1dd6152e9a6053a5cbb4db4cb38a79a0bb1be722f35af4,1
21171730df5166c1962855b321a518ecfa2123d89ceff8c1d87cb0f3cdf8be76,1
853ee900d612cd3b9af3d296d35c20f3aaadd97332eb6b63d5d24a936093676d,1
654532577329aba5937cbf7b88bcdac930c7b4e26d8d6314b770223f0bdd4b3e,1
108a5187dbd09c7f346b4f9099dbf04b7a247b566b98ff7bae63a6840d633745,1
d8cc2849bac1ecf14173c89e766a7d78877fbb42c61a77f28211724569546e2d,1
119b8cc65a8ad402e886ecb7c2f3dd0bc596db88480673d961d656fe76d4699d,1
7c2d0f2219d07b9f4f3ad06ea99908f12bb657031d8a4c719a205cd812127a84,1
d5823ac680471e0619fad69c15648b5de009b1f048e35ba74d6007173c090152,1
18ba8dc06c651114bc17115098f2e38c9b825aaa7612122d5597072404d3b926,1
d8835136b11fa6d7144dd0d21ade0ea8d8ab98eb631ebb98a7b9a34bf67d0e26,1
b26391734f5318349b4137447281d2323d80fb43226c1da6f58c782df675b5f7,1
36f106475fc1a09f489710bb56dfbf216ffcc817e8708daa5925964ff1e582b2,1
bc469c6b17367f991a80f0dd492c50ce1a3e70b76d59252da6eb22a8635ca2c4,1
699d2b65a57d72081c06011d02d5f98718ebf525f0633dffbc7ffc149a46f0de,1
9cf3e614200a1d511ff2ef738880d2e13c5ff515ecd515d0707a59aa8e1a06b1,1
b6be9022f2482ff62a0fb605dbc4210b98b82de690b1d81be1a510eb99ded1e7,1
dfadbbc12b3d6653e2e1651ea5d91328588f8b6695383010ef63d8332edaff7f,1
9363b9cbfa3f4c94493ecfcce472f6c4f27efcee1b02e517b446a29629b72739,1
702cd1fdd9d4455a1a5667e9d226ce7353ccd857b36d84aa92f29aa042f2ec12,2
e92e7b5baedbb932bc17199cdad1c88ce7bd6a64a5efc4b819fde3d4bd08f8f0,1
ab27f471b3d7666a813eb1c86d314b99c8e7034ff6eb3effff477702129e5e56,1
8ef12b4b7d55307d6a0f83712a98dd650f1c2f38b22f81a2311b4415706af4d6,1
10cbde0ca0b798da613aff4c9a742f939467a734c0d1179b5e15f3081c60f174,1
ab79411a395441034b19142466626009cfbeb93df3d465521ca31a439c3fdd84,2
058919e4ed016a8571d3e3caf899820dbe7fff77be0deba0b4d7fd790460ed0c,2
8b9ef000918c2661a8b2756568dc75eafecf15aba521faa3eb7f4930cd9d8eff,1
bb129bf6ef43f5ff6968d9ac997a699bb83464bcbc3aecc272cf3955c0c7e6e0,1
754be34631eb7f03348fdb93670077de79708a8147570b8acf94a25c2cdb253b,1
16e1fe39c4fc23974608a42a31a5ac955f05b1e68d14e618db5629583a555d0b,1
fabbba228a1757f2a034fd5b6ce83a4ed267d17e25b07dd9c9e639cdbd536e6e,1
ea1c7054906c9c29e47e3bec9afca900e380115a0fe04553c2ee854245a29cf8,1
3fd5e3e87d38267e30700cd39eefac56dff60da34dc98057e41c86bf90e03716,1
55690d821b5737c47ea53a2c0395a041c06c438ab9208b41d0016f4dd21788d9,2
864c52c2413183af57a51f6a956880e25e3f1b8e98e65bfae50df0ff86656486,1
b0c8392cbb5cb5873d98ba21dff1388108b31f838613639d28ba3396aee38d27,1
c8d0ec9d25f05d03ecbc328f74b66fd90779b9e93b8ff1e8bfc23ceab617b569,1
880b173a5d743ff92b72d6c6016734073d6222802c4bea3af696abe977aa6c7e,1
32587eeebe8a2696f3f1d083a467275500c8c1bb53813c5c4afb2d4c26a869a3,1
3e86d16724fa640f84a73461d9dc2823d179deb28e55dc51b4c9fb0620893c21,2
53a72a59de5d4667ea2cb0fd6d30647f241a9a74bd9cd4440258f702d252ea15,1
b0e86ea8000bfd8d7f16867ac04936c6e06ec806cca987e9e49c72de4f50d482,1
f53c07dc4203c431c4c4a00dc16b7deabda5dd123b11c1661a9d9950ef0a2d57,1
78a09e96a7be24b14565c1717c888720483c9cb93f526ee17ec1035572607e14,2
4e6b0ed5b34309dea6b1f38e88787e742be2f50240e4df9ecc55e38f286922f7,2
8d87aa5fa7125d1aa5924f99716dcb40a641d3cd3fee29809983298426917ca3,1
c5ab4e8dd07c85eb7f9d65a47eaf56062c67f9f7a0ee2267bb85ef933cf25c99,1
67cb4aaa1d6c37541c541fce513efe56e6b49dad1e3689b23264adbf3afd49c1,2
f551bf7f93df2164ad8bb701ca66572753164fb868f0c390fd1856b3dddebfd3,1
07d07dfd887ea95d9506c2538e0967da8e2e2d3fe15f462755b89f62a7d9dfbf,2
c63a94ee60150aa2fd9cd8ee14234f405a5aeb87f2d13cd64da2d50bd527a6bf,2
7b5c61f655cc57fe0127cd77fbbfdc086dc1276865a953d4411ede8c8adfa217,1
91dddb3dcf663b1f3952d3f80d14cd9461df7ba88bcf41d0c2920c6999d63e09,3
9ec2fdd0b068dba356f91ebc8bd23d14f3d51f8dbf5f6d1bccdac2a4695f5be3,1
8930183bc5c3b318cc138beccabf978b5b84a170bc7f81e3db0d860563c693b3,2
73171e1d0b8a5dd129453773040a16ff2c0799d619f8f1a30758c489ca064c95,1
c446c10497487d73073e825598a3a8f90daa974a36162782f1a5cabfe3036a1d,1
a03148ef4f4df896b01835e4f3bfb3e549b0fe4b55b6a367899445da157e7df8,1
21a382714682ea637b6b14c55703b79bec66bc0f3a38a9ad28041d6cc294e38c,1
c84533220649a26610153f9312d51b5685b438770b20bdf9f548a45bc699ab10,2
0ebb2d953c8d26581838073d7868d8ae0c55c4d65f3abcc1fa78543231fdd8d3,1
3064d9f8ed314566a9b84b0473b2164eead9753dfcff880a957e5f062d59b628,1
8f5e94eb71dac8d184010dfe4bad566fd6769bdcf3338e0844715f58c472d9ce,1
b7ce761704a064fce2b56377a388cd9119e928de81f5496848c2ea26f6a84ea0,2
dc6834933ad56ede379caf6858d6496306c642d2dc1e6c6a3bc37111790c8f68,2
715207519c8c0da487c57eb783f5fd5c37b07b98aa80c5034c4852ccca01edd4,1
dc41fade46e1d9ff1b797fe33e81081482f60580e607666995db2324832dc731,1
fd6b11c4d5aeed75a8756659e111066762f2a0ed304911e87f87bbc4747a5364,1
5df4a3ca3cc4602e4e226b9d71b248ff726671287c3800bbcec6cc89e85a8084,1
876897d01622872dbc00452130db4691f21d15b9a975939fda8557a08cd3381a,1
c035d161c6590a79ebdc2225b441b16ece267c35e09dae2df61612054ccaf9c2,1
3f7247479cd55543351f3670d7bf694457b2d04ed0489d495cbbbee040736a2c,1
cdbe0a153500eb7811d3e34a6e88ff5934f60d2aeab43d922a7b0233e360c8a6,2
15b1657df019f6ed250c31adb6be7ad76d0fef57ea7261f1489eab9c9dd5f5a8,2
99250cbfa1c99bae65f3d64e236b96128104a7080114ab4fe16964bfd6fc3e1e,1
b59a599afdacd418cd951629ea8ce09e05924714d6fe287124c1d392017156f6,1
eff260ca31c56965cef8b544412761b15f696c7602a11849e0c169c8539f98f6,1
f7133162be13371156307575172a6ee899c334927322e3e82f9d5584d686b41d,1
bbc38a959c6d59306aad919812a30a6916d2ba0918f795b0bcccc94a79c71ae9,2
5c26f9f398697391cc3bd92f415b7670a40fb9d7042b1efb199a42af9140c9ef,3
edf1f906e39d473c2bf61ed5c255b825073f5c268fde6f55a5fe378917a8c493,1
617fbc7f48f9be3395630096f508f365e3461fa3aaf892a2595ab35746002b2a,1
91814064cf02ea79bdc53e18dce212efb14bc97bfc8465c28801b4e3a86b251e,2
1cb62c269075722c6f7a8cc86b8ecc44ee8560c190399c0e6c74c4bcbfd4f823,1
5d9b8f7ed6a34b7c51c61d8f2e91128ff849c2ad87020de0e1506cdd81503250,1
d930b031331840cb1a636ac0cbfd7805da1030a56de78d3b1602b16bdbdad2bf,1
cec8f1e71fb08ff73c4bb765e8544cfb2f31fda89443eb1b6fd967bc5b3fb375,2
85dd9827bb0d5d059902f3f0cfcece935f7f338f1ee6a4b3eb199df9ea79fd42,1
33d0f31f0b7a250ec892c86cccaecb11d54a9ed761055df63ea71503ed206710,2
3577e42a2025ff2735940554162875cd7f13517c813d19079f65c8cb733965b2,1
3c0e36bfa22609ee4ddac52d43607dc98105426095cd253664f6268501d50b2c,1
8942a19362aafd98ec087dd09e92a7b7d038ea1fa845611a78e98b126ae70b40,1
be1281529cab6fc18b800e488dd973e03e1bfaaf19f8d19ba247af138128cf3b,1
714c1e619719c61d8b42ce9f99140d487a60437d5922727d9404881943a176a3,3
147215302c5d03761e8cb2ee93fa1d37670f6d665afa9dbfafa2c633ab33e2f6,1
3b2fd0499c70ef754ea600fd653688369defbbfacbddc965386ffb7fae4eff37,2
a81461860c46c50c7f0148283d7fdcb43e93eed1fd1b8126da29b0e1dd5b4963,4
e5fa05ccd2153ebdb694c241ddcebc9446cdafd454ce61a197acf6c00cde9754,1
f71631260353224f706d12bf56241132379dbb35a51ed960cd8017864772f81c,1
43ef4c1ec5e09c523a153a39829c22e39364a4f66b0cca4543d7249b27d025b5,1
582fb8e9c47fd2f15b27350aeab5f779e5f907dec44c2acfec029db974d1032c,1
2602d1caeb3b9dac35ac3cbaeee619bd1bf425df9fab626fcce1bab1cdfaee96,1
9afefaff7597f6f6c0dbcebea48d9a1088e3f18ef8271e4c5e25ad37794da122,1
bb7e114606a748e6dbe99083260a398df8bcdffd417b1f666d0b8e1087f173bb,2
116bc642ff5ece3f3bbfe05abe561f61f0d9c285889863084b51264f57a1eb03,1
47d1b1822688485c02e39584aaafc946db0a4935ae7116e651c0b0154c383c40,2
02575b604b61fdea27750ca6006072d1fce92a12239d0b51153a879ffd77b03b,2
88b9f2d58e3af0e1bba1fbad50e6a4ce515d26510ecb4591ed53f2023c3925c4,1
d29226e0e81d6a73a0fdc80e59954ef6ec4eec064ca246dc5525685b763d8c7d,1
752eb71aed00e8810c5a08066b96a214237b361c3b8c8f18f83e9177f164e7d3,1
07f576fea3d96a7ad70613828489899951a274cfd0dec3af9295d5aeee82e370,2
8ddb59e1c6f9d88c05ee5fcb7f3e0bdf0662f8ec82254f12d78cdf7f4adeffe7,1
e3b3dc2f58fa4bedd9ad4d0ad7de61de65bffbb2779610453afc282dd2bdf7bd,1
83900661bb30c6ef1baeff08e6230bd5c6dfebb025a3ec17e81378e9d1feb2f9,1
75dec94106b7864e7f27fd249fc5f4fa2142aa327f6fe2f562b3b42e0249d9d7,2
29c13b003eab75db0e74828f9ed37a1ce2c71ad640849ddfe5830b85206c02be,1
9df151c44059cae4c43dd774211e3706e32544eeeea958fa3f2b13f7e56cd077,1
c71fe729e24cc10f50f64588967bf4310e39b9b7721f7646c658be4a0a24b073,1
0b3013f2362fa7dd702f2ba51e808df3f2cd6800871c53aa5a14e8dbb0445083,2
2d05f7faf6b0172566313d7a4e77370f0ec276bd02a4fc3ea855cac2e1dbe94c,1
ae4a5e7fb94d0aba50fbb27cea1474fe13a9225c25029d51d143237c229ba499,1
7f8e074eef2aba53d97dc53b5b30c9dd626445cf73cc5118fabf8b474a2c69a1,2
79669ca84efc31058a3d4891733c52a991f5595cca4edbcdd5a8d992bde59a38,2
e54bf69dc03c5c610f4f3db4d658a2886c946bab9b60d7ee01f01792d744a5dd,2
02e355f182c64e2e2219877adf70d55696fcb418e976991412a28ce0fa8a0690,1
1149438bbaae7a262bd26300c311a440cbf2a8f54f7d28d67fcb73282c66d1b7,2
c006e6a4829b0abcb815667c2da6d620edf99cb8550464b4a276a266f96e372b,1
5462ab6f1ad967d4eefbbcdbc6946db6a3000f4faee48ca551cc5ade3a4420e2,1
29338968aff90126cb8509b8990c9c6a37e92f3c049c9a3c002042e1f26eea97,1
c90ed60c6d495d83a69e9b4b9ede66e3e1df3029b14ce8731142e800f0a9b5bb,3
827af990d0c0c1cda4bc023a4bdbc7dd9b8d979c30830f16da342cab94102af4,1
9b8f575cb371a09a63c8af39e7a7db1d97998ec640bbc74f623e630dab0768aa,1
e626d580b7dfee4c71b96d2d4a81e79f04c5aaa2448adfeff327d8504f056fba,1
09f6c2731d30df62d582c402a9be041a054c4f355506bbb34c73aedc37371669,1
17ffee8411899fc0a026a9149b6df1fbb546727d48885ec06f965982572f656f,1
183eb175f45fa2e72c5dd1137346c1569eb21cba0383379c60eddcac62f06448,1
9ed34c968f21ad11e1e58c29e8e52cdb86e5b22c78ceaa510e417e74a988149b,1
213dde69e6eadb6f8b3db6a08c95b07d57518253f30d910d0c69b63a7f6489d2,3
75eb960669a30c89f3cef3dd5c78a87b3579d7ad77723f913c31016bdb3b6e72,1
56e3ab2d5a6383e6d8e0b8bca13f47367ea9725fefc11036ca500866d32214ce,1
d56c104cd27d553e76df39516a927c757a7048b862da5cac74ecf7b3791984f9,1
80e50dfa95c4dfe8be9ade6945b96c071ceb353f40943d29d0debc0e137e271a,2
9e5c5b24b5d856fd93d9ec93d9ff40812714c258304a483621853e852edef2a2,1
9e8b63c567f469743100b7ddcf2c3319a99cee57e7ba5944d2a484fcf7c978ed,1
71fb86e9fcf8e68a271e7318166d872c8ff944e9702c4c68757fc9df74ae4cf1,1
d4fa6ed982c7d997d5aef346b724416438d22938934df1f6ba44480d84803a13,2
0daf1f20fc04e35a676159d2b12ab1d1da120fa8836032b899b698205fe8ee7b,1
b7165c2ae644cfb4175937cac6071f3b5d297ab545f62e94d406a65fea376291,1
6df6def53475bac99d561c4eeb6ea6e7952b37162e9901704ed0aac4ce496061,1
d2f19d1d35fa350727111a00427b1e313180378550bc221f9bccff6643d44fe1,1
09036c4616f82050bea824dc03324ca54646e5d9c505ddc7eb6bec707e087176,1
0f6af2b8ff8fb9f12785f1e280dacb3b35d56bdc104bfa8daa32f01f12722cb5,1
e69e171d0d7c10e221b73069e21bbed1741bb3b239020fc75bf0aa22c8def2bf,1
c69aefe4526b3acd55452a8bbc9e9e99dc84b54a1ffbe3a725ccfc4338fd489a,1
4999279a05b229af6ec17f6cbcf69cd2429f34fd3167a84c878c3081f689c5b6,1
2011f71783f3fc77c254902b34658190d1f83b20dd476a2c0aaac187f51a4654,1
788e256ef726278144365917cf530d18aaf2fa55524bfba269f175b26d58fad7,1
a01ea7b6a5aa7b930d1c3216ec8966f4b0f591f80662dc3615cb66bd65ad7c39,1
6d89a250075a1029c5c6c263e91a6660b8d2d90696ed314947932154bb4ed232,1
cd45a2ec0b00d41161a0e47a3016cde8aa04186b6b23f20fc7e136d72f3ac8ca,1
0533453a2d935b45358e0a631910ad4cb3bf5415c1cbb912a2f6854fafd55b78,1
b2f5afb33c757381e13fb1e907dc0c0a13db7767ecd5c2e67434d4f533f3a493,1
6fab33eb96e58b7bbf766297c46ae2a88731679ceece7e858fa8132d9f671b05,1
40dd092a00f899019fcfebf4eda9aae31bc7cd7159d3a8e9e4bf3e704e33f672,1
2967ef339e8dcb62934dc7bc230e2497243cd5abfcdca581ca86b73232001a52,2
06bed1aad9246fe1060e9c240b5894c17ec1fbdc0ca4340c861a03f71c5f389c,1
c67df67e8cc89d62eb9c64475db4c0a82417aa4a55fe00bfeeb98766e499a3c0,1
3266262dc94cb626e699c221623d05ea01288a642d458faec01efb5b270a7d17,1
b9916c99ae01f50fd145403a0552777818cb9ed86f7d2b24ab10ace7948af33b,1
66f05e45162a9d8de0539553792b786e1821e4c6ef845f497b627c6ab113b7dd,1
0695411f06a922e83b24744bfbc64c3e06a450d459647d6704e653c27842e882,1
c9640acb549785f10c94c4f243f9979f3feee4ee91575f9827e74fba38c5fe1f,1
06548c0347a2e4d644f63b357f65c0217a52f3e4f5c5f40c9320e13cccfd9ce3,1
09eda2d752aa50fcd0c86eee51caa32113139038600cd91d78a8845d650f253e,2
08ec8f0e692c58139414abcc736b9b516b9751a079dc95bc65d9343ba7230bdd,2
40566ded3895f276344fcab57499e7d0b48e9cf42209e42e33a680313fe4532d,2
8cde5608fe6cfa6ccf99afe73bff4e531dc37c1954a83b6217cdd7bfe6a54789,1
a973b9e257f97bd634e1ae12e760a3b360ea9193c2c98999fa4473514e35b884,3
fe1439b0cc06d0303c14111cae625e5d77aa64598d0c54a1b011b93992b277aa,1
120041df1d5a5a63e76c0fb8414bb8b6d874f359e840298340e2df19bed9e723,1
30f410519e3bd5bcd288fb1dd21faec827b547197ee57d1b5cea50d8dbc1bfd8,1
362b7a0147dda47d27734f9263ca98fa477b993817cf6062504342efdd692e37,2
14b64e2dd063eaa33a51909852afbad67929750a545234f146cb64b715d938b4,2
7f9f2e7492d469194f4392bf310de9daf81b7e3a3ab8e59a22e00b8f374b2893,1
b475cf80394f01ec724e3b9e0d705379f1a96261fbd6978264640a46415a2056,1
273ef814b9c382618dfa2d55b0ec3cb45c05bd125720b408ced5c91564ef9dec,1
794576a82498358fc1bf557c76ef9f1122d9beda4d9a9538dbf6b222ff6ee5fe,1
02801fdffa3940462e8836937c2a5ce589b2e4849308ae386742721090e2f680,1
b9d7d3cada1ad86e73fe569f1758a70923a9d09198496cad1690ce17ce2b1759,1
83c2e2b50f3885befada7317b703c83d08bc599a541e0a3e1beaf1528c334e7f,1
d385dd17f96877048659cc568656fafd2f03120596a44b568948f1ea3585e12e,2
40a02df1547b91f8d99189359029f74766def7421acfaae6ec45f8c92a323d44,2
ee2d025ae564f41a3c489a58a266ed622a8e7cd1e0d380ddb2965f323c401130,1
7040851060d2015efb0cdeb3d129ec29ee5b512f4921937443250c24b1f0faf9,2
74a10b18eba7a3b20796ab403cb599738000bd11cbffb495874846d5f2698606,1
c47daa0f6d2b28531077009b7f6154e71ae038d1b173c882a79af9de408e8efd,1
21145376396e971db62e91dfe4879ac1bab9eede645a59742a3b6a41f888acf1,1
a1488d8292e09e06fec66b241313f73c4a6b2ccbde332dce346c14a149e69b62,1
fe8cb0b1b38aa96a242abd8de96a695d8204a560840b69cd437accee0377f306,1
45f7e49a9911480dc0a39a9050432177c5501ae0a46c5b9a63f93b9744c0da94,1
7fbd0b1359c04c72184b2301bf1a18f0f6389bfb077db463e95d75f3a6705063,2
5f063ff93e07e3992f73fef0397ba0b1cf8b7122c41c01d444f8d3eb1320d01f,1
c5fb0d95f9e21d6b2276dd137cb4848a71ffa8d34727ec5aa91e41ff6ab8c3d2,1
6a9f6056cc6cd68be20e22c7690c64d5711768fc3393b12da8d11cf472a8fedf,1
a1308fa1a2a6665dca3ec8c4925aa19ce80adf5ef59f3b46ea90e05424d03a82,1
a618ffcb9be980a0aadce4b0d695801b66e64fccbe5289146a555dd3d7a5882c,1
941a11258b204fbd0cbd01b40c5aaeaad4933ad07814b6bbb08d680d939b7d59,1
88fc2fb13fdd33dc42c2374f6e72ab487e71dd7f6f3356bf442d7f65d2a2eee1,1
bab2570defefcdbf2804caee54b11864c40fcab75a9e923a33e749e52fa68778,1
e826a168b30808f216fd21ecf1eb0ee86e0060883e17683a6d6b4ade1083ef15,1
b819ae7796ff7d092ba680e4bdbd443918f090539a125bd0ea2b137d02ca7f4b,1
ab6ce079cd5454fe2981e08817eeaa456f9aa93ad50b65dd7ebf34c4f5f556d5,1
6f0a8469f72d9f5ea423aa63aa86604f1f5bb57eba54fe226ebb6169de6e2a79,1
99a4fa9df4291148e1442d649846a797e0f0d2834cc48ed94d6938d3d4430aeb,1
3c67f943451f9cb269ad76aef5e18c797316019e4511083d221c777141cb749e,1
011d211df0e7cdc39ffcd5cc26ecd15d2d1ff0667474f9b540494b37c7a5ff9a,1
6faa772ff7a399993ec54c06ed5c0fb47b3899c4fd9e007433b11bc994168067,2
dd025c6c25098c8d2c3c0b9f5e76a28f4b6f01cd8e480b927672f7f327188558,1
4a5ad22057097618762fcca7657736e64a0084acd7bbafacf89d8b5b8b5eb8f1,1
7e01a622599fd8db2f21a5dcd4ac89080f835d3b8ce64031744728c812e7f3a6,1
9c2cc8139490586f4660854e8ce7842791a0259dda2b96d6326133b606a39cc0,1
60aed7f46a4649c95117e63f438d1430a697f47ada8d66f1a38d264ebde16d60,2
9a2a61424892518bab79bc10401430fec0266a23aecbd159b65cba3319840393,2
9f1edeb0d399fcd97b5db519af071eb0611c1f2a599c402ecfbaa17219b32d6b,1
9a187e7a6dea63ffa04190186b5fe5d7720df4221663508ec3b545e4895f6c85,1
95e126e5ce80de5f4acb6b0f277eb206dd1cb66f0602ced7cb78a8f3d2253229,1
ff4b5151ffd46a6d082e5e3e8f99576971fc4d64dbbe6c3fa04b60003e7a56b3,1
168679472c27d5068d5045cb07986c09302e6308b9bb27212cb72fd1b03f5e7b,1
fcd02b8580de49abcaad05a45ccf51a3aacb4391dd2d80b12004c9c6e101d57e,2
b981bd5ee44138049f1b0255c1566486975297ef00ff9f898538b8a80750d15d,2
62172fb27069d8b77fc9082a4bd02756a85973168c791c022a0a9d4df79d4134,1
8b498515188db7630fc26ea2757af1acd480f596f067ad1d1dc750278c1d9778,1
ddcec1c11b1b68162131fcfd63b31473fba6807c693b23abd02d848ca2ad826b,1
c0d6d9a81a605a89ffab80154d3101a489cd60ff226af93352c986bb25c068ff,2
d4c165aae62cd97e2c70ff3a6c6b29f573889542d2c915450ba1363a62ea24db,1
08dfac3e2a744e4243fe1dc07725182853fd3d3457b61bfd4d6dfe1341b3ca39,1
038371e9c2bb2b180f802a3ff4f57717e4406ce112ec59d0ccb0cfb673fb6ce6,1
2bff1e0738957ab6b0cb23b0fbbb74f5234609625982fe15f5ffabde413e1aec,1
ee51d0e970b14d3fc3b82368f713d79cb7e40b0eba07ebe0b86e7bb480ae4ab5,2
4d314fa6f723f1de4a2033a1d9d7a21efb218a6bfb24d40e2c57d037dcbf0b02,1
66c6b9dc891111f632172de61135e3299057366ab1222e811d06b98e5217854c,1
31f66802faf48b28ef869581fd7159056576fe3d06c034dc58165646b13617a7,1
721a2598297b95d9d50088afafce57c021c80eaf0d71aab4ea15da3eba3dc81e,1
132262825c6c29cb3d673f292b1fb8fe9626040a2cc0396a1d96e1fa5161dc33,1
d308aec011daf53142ec101b026a4dfa68ecfab0660f4f24958f55bb77aed231,1
5c30ac416cf2c0b7ed75be411900d797f3cab6e7b73c2302ff0c154db6e4e94c,1
e06d3c6f750ad23450c553d452b592df73dca3954a84a3b2a6b934902815dcce,1
0c1961a39a94037ded804f9891c3fcee697faee2731719f0f70408022cad4fdb,1
1e9e0f88ae8cc9e1b9954dc0aad3b698d907807ebd833c1cc40a62fda6dbd6f4,1
7c02e98b01c3f1463fe1be329fa8b26117a2709b22027d4147e7e3e95b7f2e86,1
ec4a3807321f1f3a861f72b0148fe376989c1a37614b863669bdd10fddfebd5c,2
deca81413cf585d89d92d9ac3ec9fea62e374e1ef10d7a5f0cd4c1f3d8945893,1
d39f86e475f2a468a98fc14bdc70bf3c1404e348983b15a764fabcdfcaa3b3b1,1
757a8478d9ded777c753dd8ad8424d7ca1032338b7e4d846efe81a3183c1ea94,1
a73e492acce9bbf21654ac8a589dbed39f4f99b6be10303dd38ee3b7a647d06d,1
4d7ce7007cc6c4d768f635461ae693949b56f2e26ebaf934884c37e36cf53f89,2
65752a59889f47a4e8e2fe6d10f80a90e034e873af7bbb430c74e1f6c9a05632,1
ed2e5144f8a29325e7cbf464fb7f7dfcb9e0864c9695d01145c6cad655d55fe9,2
f8008f9897750556f58c57c58698ddd5f785c37d83fe8b7a58316a0f4292549a,1
44275887704990e8e69db0434fcf3db9cad0ba246e09911f10a68a77bf0729b2,1
8434ba929f7464985ff7ceae594e6ef7a6b69b743bfaf61cd4f87a4491c53268,2
ce226b4297ef934df5e425445fc47fefda688fca04895136b60cce3448b905d6,1
2b20a7e227c63a35ee211dbced8b108e4e91a0694ada895db4bf66abee998144,1
4061a65879a33a4f22a6be412e8a404f0ad1a65fa865d1dbd09a0fdc1809868a,1
06990d94e65def5f8a25ed61d5bf1689c8a455d695796f501aa402c869037f30,1
6e60a25e8da92405e784a8ad43271ac4b44105e3ac995915f11b95512596cfd7,1
c41fc1c256b4cbfcd4c773b9b9260f3798390cddbdd19f0a691afa424c917660,1
d86461b5b5bcb95365698729a4b5bf39d700b87fe25f77a5aee17eb114fcb731,1
bf7f4b9a0465884ec189719fd352a31e971b7a2b347731e27943bdaea6ba78b3,3
9f22785701de6fbd3ed7a60104a705fd8205466182247355511edc82df450c91,2
0c6d4d188c0d84e9711e70bd438738eba29225b87deaa5186f85822bf93d7013,1
b70472dfcd703b12834055fea0ab4cef68da7b0f6f1aac45e705f30f51921525,1
f8171d8ade1afac80f2aad89205851dc65be65f56bb19f85bdf1512cd070683c,1
a5394d80fd2fbc1493fe044dc09f58c9ca25779001c72b0935e5fa22cb3a823d,1
eb87918566ab661fd5972343c50d1f47d3d0428db8eb05c5907d6519ec7f00c9,2
fd266fa69e672f8866e0f06f4fda2f574d6ee666142af5ee25db98357f7b5655,1
12306a3340da6b167f5a46d652c4250dbe1152f24dda1bb4171e1cdc553a175c,1
e022b314fa6dd715a0c45378ee7f62eae8b9c1bf77585f47f9f92c3b9055ddb2,1
00e0c6d42806ea0f9edf07c1d069fe9e4c47d068549373c2aa9fd8046372b33b,1
3ddcdb5a960d3da9c95783d1011879b9f259b8cbf2f0863bf4bf6ea4aed8f7aa,1
dfbd2df5ebf9d966ab7e3adeded29c5836084a0e2f29f7f60945a599fa6f2718,1
a13bda76bcfbf15dbf457af24d8210facb058f6c33ed2c5c51894b9da2f90e15,1
a4d29300136a0e2be8e676803213e566b0dd4ea153f95be4bab7ab56a5fb9550,1
31f6ba4aff1c0d38a8dd7a0285addacdd0268eda6731b5365e7d299d27dd1505,1
bdb497ce4c0993bce6ee794120f43c174114efe388765cba6f7023d67f02bb2b,1
70e1f400e1d3d576fc19794b5779b95e5ad5e2a900ff5981c32afaa9b74fbd6a,1
6614b33981354981a5d80eeee1269195997bccdb1d0015d13396191af90f5559,1
754aafe6b1b5859d79c42fd6a7911e7eb7ab83734298d21c2226c07857d1c8ba,1
6c8b04a4b867f85aa3e5d0bceaf5b1d8510beb61acafe0c48728baf1383cc226,1
ad5e96e8ccfd550c8dc8a5837657ed25952ac9a8e3f07339f477c3dd1b0fc336,1
5f6632b241cba2047278c02a1bbd58a0d15e177f52686a35c138693863d3a2ee,1
b45bc2aea816ad5828a4af6ecf152d726f214d85ccd951515161bebfc2f5c379,2
b15e4ff85319c168f7befcd39a5bbb059d5a2429a1081b7c5337f74e83ded86d,1
8af93b5835e3d76a5372d7de9b8e9e1e4769a6fd1e4e96e03e73fbb46ea1152a,1
4ab76c4bc0794a9e8d4bbe1b7bd59781610f1b6a6f293632693f8cea4b3b04dc,1
864edcb1f517bb56ddb5eea0da0f5be70f11155e7d3f2f0f08e0f7f260e1d8ff,1
dbb684cd35471bd471103a5c8809aa14de22bd03c1a53b0d368e8e57c67ddde9,1
05c67f8da0534092daf394f128e332f981131ba2d66c4dd0b32416049f0a5780,1
64430da6cfbf8b166dab16d990fce6f1e81de857a2e8eaa2221a243927b92a53,1
2c9ececa7c344f8247c72ad412877adefb360ef3650055ee1844bb25f8963f8d,1
a15eda55fb4da009cf4f825d8cd1e8c443bc65017b973a099a5c37a0c146af1f,1
220ce06add1e173213be1567e6ecf4c1cd7b39487db9aa381128e597c85f3183,1
f34ec8f2cafaee18c81655eb840e700ca5c9a4410261135deae596b5957460f1,1
6171b775e8a17b3e2980426a367bd6d96421be789db9f35401079989e4f804d4,1
47941f76936e110acf24d231c9dc1461053ba81f8f674437704ac8dfe30f5233,1
ae3f036c12be807e868dee3ab2b6fbe2d75e4655dd3b664b12c7add4fc81c29b,1
dba3a2a6237f92864eb50f911182f73f66619d3d03dda3699c6bff1f4dcd9e64,3
880cf8567fd10ee2ffb99773786ac1baf1e94f9d3638a74c5786aedd6c0958cc,1
70b9048bd899a4fcc9b5a2368c59c31675f7d36ac5a276ad229fb0c12e1e2f24,1
810fc0425d60a0d02fa11659d33c3143bb94214857241afe5b2b1fc7b8538e47,1
231b8867e00c39e90138252698c31e1d318e342a5fdc938ad3f1a052c6ce491b,1
4169cc02d5675a33c59a8b8f38f64b31bf664b3b8dae2346b99f997d813f6d73,1
cf917f7ee37f838f06355878501eab71d5c3609ca8bfad3a2574017a73b33d08,2
a9879dd05dc506a4abeff830039bba8d0b445821fff3bb7b99e56f7a8529a8c3,1
44d464df72ae8e98036d7985b6c3ab08452759c015c8d3819b2e21a3958d3188,1
2c794c8fd1335ab08fc5b7e7915fd2420c7a31e6b47a96deef74c3293a091392,1
3cf9199e5629778565c70d9503d4745b1e6852bb212e1ec80e2dbb3081ca5e65,1
727d160774f50a391a775e169c3cb8c62f6007ccc9a4b86fbf9d72510056a95a,1
ab4518deacf799e8a4c6c22b4fb61a6d04afbdadd92e02e187ac65bb2315cf8b,1
522fd4c21dbe1cf9d81e5527f1bfeb90d8e817a21a8656c642bdaf699190541c,2
9f83b20c2554dc546f54c6e3a14dd1e123bc716255f77f803eb2d0294fe9306e,1
96c1c30389722f984e2c8d8b1c8c60597b764d16b08aea724baacd93f6aef65e,1
c12b9941eee3bdcb44f2d9222b8c7c61c755d361c0c7cf87f298361ecc5d5df7,1
d71e5dd900a11b87a559c03372d3d5df2023eb1b07c8dcfc8c8d7e227ad2547a,1
d61c6f1d88cbf087135e2351a486cba4c2cc70336f860641beb7d64cd0348d1b,1
d3c3ee77a1d3cdf3ce2890fbebc52366eff36873742b8285a7b61cf17c602cca,1
81b82cde41000a6f2fda78107b4c0fa106091ad8e577cea7c38e73a3a7aeeea1,1
b7bfd145707ac3e8efc982ee15512ce92aa70e4479dd02f811028aa6a73bb105,1
afdca0b64e0639bbf970fb3a0a8db08aef4664c4b7999c7838221774fb841511,1
522095825cd1812db965d564ddd7b17ecbc93514532c7f885c706e5f98770085,1
5f1e741a17e51ed276dad3e81f194790ff7d3e8547e281d018c8f3e55fd4c566,2
b67f92404245d522b3dd05eeb696c989785bfe38abfff93df9dca1856465d1b6,1
4e6c83c11a6fdf02a794bbf8437fa8e1a063587aa3f2adee792259177bbe7b45,1
40c791773f77076d018c90b8f19ae985d84cd8675952b8e8ea1058ae905605e4,1
32bec36b3b9fffa27baf063867581f8fa16b782d599664bfee5878a09151265b,1
536603fc2637fb6761779d487f13c33122939c368c65ff189ca48b49b857616f,2
e93a7f8ea8901b03c2e9677269af1edb3acc274156d3efcf78c2f3c2f4e9fc0b,1
c46d9081cc294b9098a99d5a453661c01ca076aae43e30b7213721a3af106ea6,1
c20b4fc7b449ed12571682fad36634e8c82574a0277f589b79d8dd0b7d9c186f,1
cbb58f78cff363c625d613cd3e72a1e81edd0461adc51ef0b72a1cc6c96b57a5,1
05f91878c94264ecc38a894482b64a70941ab57327c8849712cea7cc387fe725,1
98af3b429857f50e6ce39975d9c70ab9686d235ca8de5587ab3c8015046a75ca,1
54650456a1ded6ef9cc21ff0d50dbf8713bc7b3f8c24bf352bba9f1b3989af4d,1
839e40f17a98dafeb42833853cb7eb4805555a1b7e26215327d092cf8ecf5755,1
ced049c57bde257ef0d05370458894329edbbb2d2b3d7f47669693a151ea8ec4,1
13e8817d58ede9ec09e596534048619dca25096bf41068ef43a734e68f58c852,1
8f2fbb0f981d9d16cc6346b2b77915202e32777069a971009560ebfb6c2f181c,2
3d24e617ccf03b735b913234bb3227443af8e96d83f101165555b2ec0d2a6ab3,1
63c016ab2712060a7b48563c8c8592b890bc7735a8d714bd312eecdc1f033f13,1
112e94070b942f356109abfecfc9309a62570f83d13fbd660f6aa7f351a9e292,1
f5847d9c81be6ae565560880ae2060283d49cf1018b9b568edfbbfa70e150c49,1
7131dc344214fc07ea5a03ae03ad1626180bc4746e5428c9cbe2f4594a7b8518,1
ee25ea8fbb7ec7ee4546c4149cab07c9e640cd7d4b34105952833f8ef0f9c921,1
2a72890069aa8b49eaad331e207dd8bf277cb3c0b5625bc4668b82015cf26ab1,1
26a68e7bdb8893089dcfff4526a11018260baeadb2bd38728d82874fd3762584,1
72b0113cc49b97c9a4af164f88c34cdd1de174893757852c2cfcb38339f1806c,1
50647fd8645b7b4b1e60e9e36f1f1d8e4c3fc1e1133dce65a1d29dddc9336f6b,1
37d94fa473603460423c8b0c4945abfe053e9b69a7548ce2c25479e1d0fa9749,2
689babfdb86a044e5a8f5418ff66c1d24d47780077864cd2f1f1a4f3f9dff8fd,1
2961637f682b002c4b4e74aa6cf20422d469e38a2bebac51d71f5fe5610b6e83,1
2c6bf2b34fdcaa656bdabbb440b205d9c6c0356b4b86c667cea611bfdc301f3d,1
72ca2e8e43158ae7e2fad00c05b24c647fc257f0cb1f736f0b9ce4c6006e2bf7,1
2494b90f2eab41b1fdbc214d0d701089c139b62d29cd47e1ebe77ae00637e0a6,1
c2f47538f8226710237324ead3a6e0d50b205b175ac297fe8933104cc62380cd,1
7cd96a1c4e1fb7cb1790acbdbbf56657dfd7d99f98d0f23a32267dff4b50879d,1
1b28e08559d73666e617689ba94f22ba64238919294af608ea216588614b5b0b,1
19659152dede887aaa73e7344f5af84f5ba82f452505e16a472fabc1780a44f8,1
b3d645f56984a155c6230af41f60077393b6940ebfb045d7166ef50428fb1069,1
e6942da6e95ce38deafa87c5e5feb39e097ce8cbb44925022185dcd0cc3f0f86,1
de184fec2f2f9405d1a3391f4671d20c41f5c282268ff3856c9f6b05f302d1e0,1
3982425365c01489fd6aa7e6547212630057e595b8cd194bbd8b2acbff94b456,1
9e7bc0dbe99c449f888176fc5eccf341a1dcfff9c86a6cbdf7fae1c391525f4d,2
55640ac0b996cffcb6b4ddb4397b6cdbabc36856b0c4161814d7fb5f2de642b5,1
09636a2ff35b7dd0203a0df5ad7ab3e10d38a8b750795fb20aa3197ff6fc356a,1
a6796188e603c18ad8b63fbad2749b0c32620631b23cf567b520b6a44540c939,1
127af77ba6cce9669a1f1f309779abf821ffdec63f1c335b2582f1d5940c4fa6,3
fcf498a12f28051cefd573efc18e964d4cc04e8e1a8b9097c48e090dd237ad72,1
7ba1773f053c5a2c0fbc1fb07c51827eec815944006f5bb49fa100e344f35d6e,1
6758d96aa968e337a275dff91603003ffd82ceeb0c5a2204a2bca31c0ed61d43,1
d86410f92e9927b0ac711b6ab7cc3ac98020cd812378d034e771fdd59b5bd203,1
3308142daf60aaeaef9b2f85de8d3175f3be3110c039f7c5a84580f5ad82967f,1
7f59f96ba8ba80ec48dfbbd0f6e122f6380a5fb2f387433e4b66116f7b1e16d1,1
3089046dda0b42a667532d1f1b4df39161e39ae6e3e6bf22e08a5a89bd214e25,1
014d8ef39e0663d4c924a757156dfd08a7c58c784b61682c63846e794eea8bf6,1
0f58345f7674707c3a0a4cb621bd0d2976c8833c92be66d9132c945d330b4374,1
4fc4adc9f7ff6b7a819b8812d993b6938a09d485fb4f2486ca60e03c4842729b,1
331136a192576984e2f21a3c128bb47c29483d8b20bef1c4e9843a83a1df2e64,1
e1a9654192e3e40fb3c27795d5cdf89cbf65e00bbfb9166c586bc43ff43a9e0d,1
bcff704f39cb37960f7badf853a6387e94decebfad707f68b2856d1d04de2d55,1
eb8e98550c9304bfb44be4549dcff8287ef90f4c312b0ab61381bd86bbf43289,1
e58d9d2f19e1f6f464fa16876014e4513c9a1b50ba683c654a7855a728af36cd,1
53d4d20abea2a15f9e7749ab5e0424ef463ad351bee4f999e2c5c908a816d502,1
405afbf9b86834addfb3ad63a111b6384bb746deb69f434162599407a3e15495,1
dd65e7d4cab452c1658acce7f2d7221ab621de1e0fa6f27a74015551f5ea9304,1
cb1c7ccd78ef6c75816f97ef9bca830e66e2673e996d6bc80890d0b5426eeb70,1
d0b0884aeb32fd1b0c7ab07c79bc05a9e7ceef91a1febba078f518cd84882043,1
55fff04df9e9200ff7de7b89664bf9fd36686bb5e6436ef32f1ab977339815f6,1
d8a5af4591ebc909311d3783f25f4bde9b8330902101fe5e679d7903f32bb256,1
dd1c44250c0638c8aa126556e201d7f5ad2e4b12d72753bce7b79fec451830fe,2
682443175b7e2522b0e96ea786ce82650d33028b44bb6e54d0bf8ac78a583f69,1
27ce9d14c518082c958abb92f6bc1a4e699218f6456282f619681dae0c3d7b60,2
aa53884e97a1d8ab830d707b1fd9aec9e0559167c4ec4cb676a633b899246da1,1
54b978320b934350486d593071ed0fccd3f2612cff3f9c2a0d04d6102e348388,1
ff5ef2185e2ab0d435dfb84ea645077b5cdbedd7153cb23c67746ee53d025b6b,1
d0f676debcfdce56900636b2c6d74118f4695e3406ba81624f959737e2816da3,1
de5ded93ffebbc57569b29c3942a1a6173a8cc7507bf1676260ebcd11c2f6551,1
bcf4da113091430e0108a583315b90d3a95f44bfc2729b9a1b7ed0088da0da5f,1
856c7ffc06be782e6815c0d0e9c90e033b81a40cea717e64f8c298260a20063f,1
5a0b757ffd61d8309c17507bb66a1e528b3a321eb1162117b8d73843ef40caf4,1
0d2155692287f2951afec684c2d0154ba754fb1a3beaf9363200a46075245acb,1
2649b78da141e12f53b01f87fb990b66617c64856c7d97bd9d67e6e8b348539f,1
555ed46f7a9e9861d7c127f78cf1e7d7d49a8817909120adeb35ae262483fc54,1
8ddc5ac9173a973a00f542d9245a7370d674cd543017421e121f770d4104a5fa,1
b20589a7b0533c93d884f0b0b2fe96f47222794622f65d16e5f259b5a9a4bb54,1
5399e317fd708f0fef19e2361f88b281b3dc48723db9a91e583cef8a70bff2f3,1
53dfbfea4baf6c7819f7ae3f211b8c61a61853e4b0fc8d3f02c5eacf8800decb,1
5cdeaeec080632df9ee002fd73e2cd3e79f5a796629cfd5587a086c5c48565a1,1
f5499eca654798a6e005ba660bfb7efffc5f26923e10a28df661247c54759852,1
5e121f1afef9e4298e4f005370720630ca3a5dcd9156571a72d91c26df36717d,2
299eee01d9dd5ab79a22f2e9874c8638c4b5c90666f95c794df5a2d1bd21c270,1
98add3b09e311e3b3c9824413025be6c01d4b19646bf9a86a3b03bb3972ef2e5,1
aa237b23f86a528c350a11008a3fc48dee251cc1aa5483504f6dc6b1d646d3b7,1
e23b9c7ff343f196325d0dbc3688ab8f24124e66e968c6f1a466658f02cb4a79,1
02593a69dc6d51aa3b297d44b7ea739cce1d882ac58817226c0e730e82ec9b97,1
7e11debcd1c025e792dfe556d1e2bcae732f30f89cc472421a37a47d97f5d0d4,1
fcae9e945ecf5a3ef033105764eaf4961022a173aeda6dad8ca043265e119f98,1
ef5eb9994817a62e68449469935df72992e808a44427c66b3d1ace80e1e48446,1
d6bad6ef59f6771bd0e8e12ad2c23016aedaf7fc9ac673bdee8f7914add0d754,1
7d450813682ffe3a025446bb1aa7cef7fe23d523d965fcb9d58a038a58bfe48c,1
3c3585384f32940957e0a86529b68669fc56f7a006b527e5450dd0a06080ac09,1
77c939d506874b4679f3bda4c40721c7f8ff011309c00e6e2478bb63d6d460a5,1
68af99fe19afd0b5229a1478853456c23c985fe8e75f0de6ca0f443a97f4ab32,1
27eacda04e52c98f00f03b6f154d2e560d8c2415e2823bd7e54fb0734412474d,1
40c015229c5a8ca6e4fe6429b62813c14c4377a548d8c36d89f826dbc40118b7,1
d9aeee6622e35500eeef3ac31f9c3ce932f374beb95994f26204163098006d70,1
040ae4595a6fe60ad60e952fe1919364e218a605cbbcfc6a515c8464a833134d,1
66fde2340923c4022ce9eb397481514fa141441ab7a2772eeb43466e06cda1d7,1
355f749ad35e7660988d37c127e10bcf3a470af07e0d19c942bad31258978c5e,1
ca923c2d41a8ebdd2f8c5c3d85b6e982a0db88b1f0caf6da62ad816e91090d50,1
343b4d1316124debfe73cd172ccca32033c79711f57bf106441351cdd9709928,1
c3d6ae35dc25a5a9937433c8a886bdcc0089d1d473ad7471f25c7549621dd85d,1
620d4e24216276d011e3424ba7edf7c84badf31e9a6d377c176038088a0a7a7e,1
39a3e20a2287a5adf29cec60305ee6f59575a3ec17174d5dee11e9008d9f0886,1
c5a4aa645b35775cafae1d2c952397c5994c38a6898642ee6340bdfd108b1131,1
be0a104823e04d0b54977b2aae081a381894758de70cf1f9eb6c802a1b6c1492,1
a69f1bd23f20c73c68fe29222bf1c4ce65c0bbc03b280d67b0a845bbd17cb970,1
0f06586fae6b1c00f4163900d696a10d302b428903c1a8119c10b21de57cf957,1
0bb0be189b4bb77db92cc853143d562da65950ef46d2208963db3ae75183f58f,1
91b80f789fcd35c9b5ea766e2af8cb13ab57fbd99518275adba2b678e136d896,1
dc4691a78facda34f408a618abf2da208a18d8adeab337392a2a1c98eeacc8e0,1
15b8ba8c824d91d1be25887681fe67c46cb0c484dc677eb9b53e4fb4ff0f7e57,1
23af078a81dbbb51854f79fd643b7e32e949f8286765ccf569b62c40b72ea64d,1
be46cd92c485391e739eeb543c09a7dbd23f591b5cc58030388a19522f337e36,1
d18bbbae99472866766e07c49f546aa386fc6b9ece6b8292c8b4ab628904a916,1
b028c91adcf7d1788bd7702f4504e6536c7eeb639a5a177514e334050694c7e7,1
f379558f3e0b26dcc04161c347de016a8b9fe7dce3482485928e986a0afbd39b,1
5aa3a1785a9bfeddda822cdc27e7f8ef97c757a1cc1b01f25098d58fd5c8a67c,1
441932da761618f94dc5d10d3b5783de75eb0a921bff7a1d9d8c618a6fe381b3,1
a3123de28de12847f729b24f5fa5251d9e2bc26b6bb430026d272886ee2aa4f2,2
9b50e4a8507e65f793167bd04b48a30c4d62b178656ae16f8a5d8fa809fbed0c,1
2493048f93d022a25ffaaf491c9471fb0d6fadffb0e926cabeb6dd67de9e43ea,1
c9991b976db2ae2720371feee3ee0545afb4b51d072f0350061d450c79ffae4f,1
71850ededfd6ac7e4c8c07c565fcb28f2760ebbf5df6d7450da4dc1eded5ea5a,1
3ff2abcb0b26289aa93f80772b5dbd95f1cd5bc6e78e764fe9cf4514033d7b52,1
a55bf4b3062ab516f9e1d644b190648c5f32f4efc342ed17dda3782ac6e52a07,1
d6c97b95939943d61841603e6c841bc610b67b15af4a55809437be52ef85c4a7,1
ce067801ca78da70ed4a425a17110a1b29c8de820a2dc3563fb7f7820d08edc8,1
a1bd39eb2352b4d7aa39a3c35eac4bbaf6786496274388d5d3417d1abd042a97,1
1d9a09f516151a751c1ec3e78479072129b5d3c7a812d08de981e697e62fb648,1
8608b05002d9db50adf0a85b68e98039460019646494f492b1b9d2fbf0245185,1
c91e066322a0ba0913028ae99458152df2f8d3dc0e76c1331beacbc234878a97,1
2e9c94288214ac547ddae1271afe9affe0fff9b93d9d6cca85531859ad209ac1,1
7750eb730c77fb70b2ded211c593f54444963556c5a4de1ec4b29edc046d3d8e,1
fadb35a5066f5345af658d04e07f4d0bfcf25aa8e5236dccc7be621882e88c10,1
d412398fa6cabac7a6fd417e671a2d01d286d92cb1e23c6df2e99d91d7cebc1f,1
409fb06ca2938ed96719c3cd0b1c87d69b7a2b3161b4647bd23ec796a6a9c910,1
51e044b091f8bd93acaf35eef4c5bc4a75514e1d6087644f168697c91a7fdcd6,1
ca77d987ea57f3359799403a2b0b5702dc92f2e2534bc9cee561c7fe9ebf8aea,1
3020f107bc28e58c62041826da37faa3bf7d9cbd8b3eac997d46f0193c796492,1
e269f948b6d7e2a4ef8374cd03e6af13dcc9bd45516ea8050c218b07bdb8a7f3,1
8e70ca56517c42c664866625d80120629771da0add3eb29d608096490d7dccfe,1
b74818c3dbad753965f9993d85855ac09cc05223cf99faef77970bcabc306ccb,1
e61e78b224849a5745e78ee6cb44869ad941e48444b2db789c82431595b79c6c,1
471b2aedff4824bea20a06c84dc4b42044339f09327338e6b41bf31bb095478a,1
2d2f7bc0cbfbccf07184c983e863dff4d88d3bdbc241f65adaea2df91b5d3184,1
d81ab04a16165d204e88f59b674a75b48a2f9812a9b5b4793195b8c87f3e433c,1
1a91f3024fc6ff166e1240289b77a0960d38b2782860fad7d23a5f1b0e04d52a,1
0db516ac029ad2766042f603be161049f64c93a091cdef0dbc77208f90045c95,1
0309f0f723e599525b82c8bb26be83a410dba1f108509c7fbea438652875cc79,1
3b3e72273d9797c94c8e81c41f73b9dc092423d607840ae8bdc1c9c0b84c82ad,1
c4e8adf9b395e2f84113ad0493b4c22539a39f5d001458e06a3237268c814197,1
a0fcb5b7afb4b1b8ce4f90c773e196f1a443e8329328f7a272079e2adc6b3783,2
e96a8fa0f0de96c40827a2fd7de2b3c34b1f43a571f3f019bc2a8e35a21bdaad,1
d59a72ccc8976a14a3b5692f5e6accf75a5c958b2b00b2e7c3d91cbeaf6fd1e3,1
47bbd218e6b338b83513ecadb492760a25c96170807e686a9488c0832fb08312,1
2e8e429cc839daa275519852de9b12d3e75ceb380661c3cde620ccfb82140ef2,1
d2fa8db1f6dc6776029ae52483159cbe5a2aeb7666b2502ba9301fa883af7495,1
8556fa0365dd3ff90e400f740a2cb5f69b4c9befb49e1672ac1b376149889b37,1
1dcbc8b482cc119d004b1c79b242efbcd4bdf17579fb392a7f6145b06416d5ca,1
f5c8de4bec05c526d3007e2cbe0f0bb2d1e2443f9ca1e5b695cc57a518663ea3,1
3ccba5124384833789d9009b9bcb445e0e41972b0985d702b3dfede73f71bc07,1
de8d9daad6e4ca40883b171684a99ed785e0fbb99f7f937921c778dfa223679b,1
210fd521a68d93a6d3d5aab67acf174016388ea057b83682d03ba42d41d07e3a,1
0d1b677a4016eb68c97e9db19522af8964044a97aa74172f9ba8e919c072af80,1
983a7800ada3f9545f1785d57e745c474d368fc61611fdfb2d55de96d0610a81,1
7791aa315046548e77df2fd2b31cbaf82c32ae4fccba6319c6ce51a4af670c47,1
93503894f2854d6e4a42ccc412471af117b65734eafd6e5ba40797d526fb4ca6,1
616e3c25175d4e3a62649c7bc4de37c77cec5ac3cf0b9e8f6f14e05a76cdfdb8,1
c0c8e470ada5b1963aa698889f1ed1c2cca37f73e8ff6ac0dc41f7de39bf36b6,1
a8426d4a8b96a223ec9e92319d643374cf0357181c02cb6628de41ae873f997c,1
22b3741c39a3106b6a8e0841edde7e4dc07d0679c6f268a62a35756bf322d9ee,1
9064faaf1b2a516221a0bfdd520279dd70551d6475da19b6563edba08a38de58,1
eb2ddd942c6eea9caf91dc56ed6804ac48fd6346ca665859c0a6959042ec8020,1
ed453a8169acad389818679d573e3797be12bc54ff3b3d69e9b8ff62c473f3bb,1
ddca23a9740c19b4a87aae4664a155a81d898729bbb95381d6aec97c25815aa4,1
cd5a3f74126969bb6d532e03704252eefb2d15e05b4a83ffce551599db475d6f,1
3d19e2fc5aecf7024eae63f94ae2401d668acf15abf2f6999c956cdb5cdb60c8,1
679f0b415a94f2353ac7381e56a5c9c17206ea132282dcafe70117bca38e7fee,1
a92adef2ec20e312990ead04d0c969f91501d5a9fc560fcc7cee2a12dc58bf4a,1
